"Unidades locais en Galicia segundo actividade principal (divisións CNAE 2009)";""
"";""
"Unidade: Número de unidades locais";""
"Variables en filas: CNAE 2009, Espazo";""
"Variables en columnas: Tempo";""
"";"2024"
"Total [+]";""
"15006 Arzúa";"524"
"15010 Boimorto";"108"
"15066 Pino, O";"328"
"15085 Touro";"168"
"15011 Boiro";"1.393"
"15067 Pobra do Caramiñal, A";"628"
"15072 Rianxo";"625"
"15073 Ribeira";"1.851"
"15007 Baña, A";"155"
"15056 Negreira";"538"
"15014 Cabana de Bergantiños";"275"
"15019 Carballo";"2.850"
"15029 Coristanco";"360"
"15041 Laracha, A";"728"
"15040 Laxe";"226"
"15043 Malpica de Bergantiños";"413"
"15068 Ponteceso";"442"
"15003 Aranga";"110"
"15009 Betanzos";"1.149"
"15026 Cesuras";"-"
"15027 Coirós";"124"
"15032 Curtis";"403"
"15039 Irixoa";"64"
"15048 Miño";"456"
"15063 Oza dos Ríos";"-"
"15902 Oza Cesuras";"282"
"15064 Paderne";"144"
"15091 Vilarmaior";"67"
"15090 Vilasantar";"79"
"15001 Abegondo";"370"
"15005 Arteixo";"2.391"
"15008 Bergondo";"959"
"15017 Cambre";"1.815"
"15021 Carral";"473"
"15030 Coruña, A";"24.438"
"15031 Culleredo";"2.284"
"15058 Oleiros";"2.657"
"15075 Sada";"1.238"
"15015 Cabanas";"228"
"15018 Capela, A";"64"
"15050 Monfero";"108"
"15069 Pontedeume";"520"
"15070 Pontes de García Rodríguez, As";"725"
"15004 Ares";"297"
"15022 Cedeira";"527"
"15035 Fene";"696"
"15036 Ferrol";"4.203"
"15049 Moeche";"98"
"15051 Mugardos";"266"
"15054 Narón";"2.351"
"15055 Neda";"240"
"15076 San Sadurniño";"152"
"15081 Somozas, As";"69"
"15087 Valdoviño";"337"
"15023 Cee";"720"
"15028 Corcubión";"111"
"15034 Dumbría";"161"
"15037 Fisterra";"332"
"15052 Muxía";"329"
"15020 Carnota";"248"
"15053 Muros";"534"
"15042 Lousame";"145"
"15057 Noia";"1.122"
"15062 Outes";"399"
"15071 Porto do Son, O";"562"
"15024 Cerceda";"394"
"15038 Frades";"134"
"15047 Mesía";"134"
"15059 Ordes";"1.045"
"15060 Oroso";"536"
"15084 Tordoia";"156"
"15086 Trazo";"151"
"15901 Cariño";"297"
"15025 Cerdido";"65"
"15044 Mañón";"77"
"15061 Ortigueira";"423"
"15002 Ames";"2.520"
"15012 Boqueixón";"320"
"15013 Brión";"400"
"15078 Santiago de Compostela";"11.504"
"15082 Teo";"1.169"
"15088 Val do Dubra";"254"
"15089 Vedra";"322"
"15033 Dodro";"121"
"15065 Padrón";"863"
"15074 Rois";"233"
"15046 Melide";"833"
"15079 Santiso";"79"
"15080 Sobrado";"109"
"15083 Toques";"58"
"15016 Camariñas";"412"
"15092 Vimianzo";"657"
"15093 Zas";"405"
"15045 Mazaricos";"278"
"15077 Santa Comba";"828"
"27901 Baralla";"193"
"27006 Becerreá";"230"
"27012 Cervantes";"59"
"27034 Navia de Suarna";"75"
"27037 Nogais, As";"60"
"27045 Pedrafita do Cebreiro";"68"
"27009 Carballedo";"130"
"27016 Chantada";"795"
"27060 Taboada";"160"
"27004 Baleira";"71"
"27018 Fonsagrada, A";"227"
"27035 Negueira de Muñiz";"16"
"27011 Castroverde";"193"
"27014 Corgo, O";"236"
"27020 Friol";"240"
"27023 Guntín";"130"
"27028 Lugo";"9.128"
"27039 Outeiro de Rei";"338"
"27049 Portomarín";"141"
"27056 Rábade";"192"
"27002 Alfoz do Castrodouro";"104"
"27902 Burela";"753"
"27019 Foz";"802"
"27027 Lourenzá";"203"
"27030 Mondoñedo";"328"
"27063 Valadouro, O";"119"
"27013 Cervo";"227"
"27038 Ourol";"41"
"27064 Vicedo, O";"82"
"27066 Viveiro";"1.137"
"27025 Xove";"194"
"27005 Barreiros";"272"
"27048 Pontenova, A";"229"
"27051 Ribadeo";"1.014"
"27061 Trabada";"64"
"27029 Meira";"207"
"27046 Pol";"78"
"27053 Ribeira de Piquín, A";"20"
"27054 Riotorto";"88"
"27017 Folgoso do Courel";"64"
"27050 Quiroga";"239"
"27052 Ribas de Sil";"62"
"27024 Incio, O";"80"
"27026 Láncara";"184"
"27042 Paradela";"108"
"27043 Páramo, O";"48"
"27055 Samos";"76"
"27057 Sarria";"1.353"
"27062 Triacastela";"62"
"27001 Abadín";"124"
"27007 Begonte";"189"
"27010 Castro de Rei";"344"
"27015 Cospeito";"291"
"27022 Guitiriz";"376"
"27033 Muras";"39"
"27044 Pastoriza";"183"
"27065 Vilalba";"1.175"
"27021 Xermade";"75"
"27008 Bóveda";"86"
"27031 Monforte de Lemos";"1.550"
"27041 Pantón";"149"
"27047 Pobra do Brollón, A";"94"
"27058 Saviñao, O";"240"
"27059 Sober";"160"
"27003 Antas de Ulla";"111"
"27032 Monterroso";"307"
"27040 Palas de Rei";"318"
"32001 Allariz";"556"
"32007 Baños de Molgas";"78"
"32043 Maceda";"221"
"32055 Paderne de Allariz";"60"
"32036 Xunqueira de Ambía";"88"
"32037 Xunqueira de Espadanedo";"44"
"32006 Bande";"93"
"32030 Entrimo";"84"
"32041 Lobeira";"28"
"32042 Lobios";"95"
"32051 Muíños";"66"
"32011 Beariz";"29"
"32013 Boborás";"87"
"32019 Carballiño, O";"1.436"
"32035 Irixo, O";"69"
"32045 Maside";"203"
"32061 Piñor";"68"
"32065 Punxín";"27"
"32074 San Amaro";"51"
"32076 San Cristovo de Cea";"163"
"32005 Baltar";"50"
"32012 Blancos, Os";"33"
"32016 Calvos de Randín";"23"
"32062 Porqueira";"21"
"32067 Rairiz de Veiga";"53"
"32077 Sandiás";"58"
"32078 Sarreaus";"40"
"32082 Trasmiras";"70"
"32089 Vilar de Barrio";"62"
"32090 Vilar de Santos";"56"
"32032 Xinzo de Limia";"924"
"32002 Amoeiro";"151"
"32008 Barbadás";"629"
"32026 Coles";"231"
"32031 Esgos";"46"
"32052 Nogueira de Ramuín";"113"
"32054 Ourense";"9.837"
"32058 Pereiro de Aguiar, O";"398"
"32059 Peroxa, A";"72"
"32075 San Cibrao das Viñas";"977"
"32079 Taboadela";"114"
"32081 Toén";"105"
"32087 Vilamarín";"129"
"32003 Arnoia, A";"61"
"32004 Avión";"83"
"32010 Beade";"31"
"32018 Carballeda de Avia";"65"
"32022 Castrelo de Miño";"79"
"32025 Cenlle";"83"
"32027 Cortegada";"81"
"32040 Leiro";"110"
"32046 Melón";"57"
"32069 Ribadavia";"454"
"32023 Castro de Caldelas, O";"104"
"32049 Montederramo";"36"
"32057 Parada de Sil";"46"
"32080 Teixeira, A";"39"
"32014 Bola, A";"36"
"32020 Cartelle";"136"
"32024 Celanova";"516"
"32033 Gomesende";"38"
"32047 Merca, A";"105"
"32056 Padrenda";"90"
"32064 Pontedeva";"38"
"32066 Quintela de Leirado";"20"
"32068 Ramirás";"87"
"32084 Verea";"41"
"32029 Chandrexa de Queixa";"20"
"32044 Manzaneda";"57"
"32063 Pobra de Trives, A";"168"
"32070 San Xoán de Río";"26"
"32009 Barco de Valdeorras, O";"1.081"
"32015 Bolo, O";"40"
"32017 Carballeda de Valdeorras";"126"
"32038 Larouco";"30"
"32060 Petín";"54"
"32072 Rúa, A";"391"
"32073 Rubiá";"73"
"32083 Veiga, A";"75"
"32088 Vilamartín de Valdeorras";"113"
"32021 Castrelo do Val";"31"
"32028 Cualedro";"58"
"32039 Laza";"63"
"32050 Monterrei";"96"
"32053 Oímbra";"76"
"32071 Riós, O";"88"
"32085 Verín";"1.195"
"32091 Vilardevós";"51"
"32034 Gudiña, A";"112"
"32048 Mezquita, A";"61"
"32086 Viana do Bolo";"192"
"32092 Vilariño de Conso";"29"
"36023 Guarda, A";"824"
"36036 Oia";"181"
"36048 Rosal, O";"425"
"36054 Tomiño";"883"
"36055 Tui";"1.411"
"36005 Caldas de Reis";"876"
"36010 Catoira";"185"
"36015 Cuntis";"334"
"36032 Moraña";"286"
"36044 Pontecesures";"239"
"36040 Portas";"162"
"36056 Valga";"292"
"36030 Mondariz";"210"
"36031 Mondariz Balneario";"59"
"36034 Neves, As";"205"
"36042 Ponteareas";"1.825"
"36050 Salvaterra de Miño";"655"
"36020 Agolada";"154"
"36016 Dozón";"52"
"36024 Lalín";"1.900"
"36047 Rodeiro";"149"
"36052 Silleda";"828"
"36059 Vila de Cruces";"391"
"36004 Bueu";"845"
"36008 Cangas de Morrazo";"1.820"
"36026 Marín";"1.431"
"36029 Moaña";"1.190"
"36001 Arbo";"180"
"36009 Caniza, A";"392"
"36013 Covelo";"147"
"36014 Crecente";"87"
"36002 Barro";"392"
"36007 Campo Lameiro, O";"105"
"36902 Cerdedo Cotobade";"269"
"36012 Cotobade";"-"
"36025 Lama, A";"147"
"36041 Poio";"1.048"
"36043 Ponte Caldelas";"420"
"36038 Pontevedra";"7.632"
"36058 Vilaboa";"378"
"36006 Cambados";"1.291"
"36022 Grove, O";"1.022"
"36901 Illa de Arousa, A";"264"
"36027 Meaño";"452"
"36028 Meis";"376"
"36046 Ribadumia";"463"
"36051 Sanxenxo";"2.029"
"36060 Vilagarcía de Arousa";"3.000"
"36061 Vilanova de Arousa";"746"
"36011 Cerdedo";"-"
"36017 Estrada, A";"1.591"
"36018 Forcarei";"235"
"36003 Baiona";"1.018"
"36019 Fornelos de Montes";"81"
"36021 Gondomar";"1.042"
"36033 Mos";"1.384"
"36035 Nigrán";"1.619"
"36037 Pazos de Borbén";"140"
"36039 Porriño, O";"2.245"
"36045 Redondela";"1.898"
"36049 Salceda de Caselas";"637"
"36053 Soutomaior";"487"
"36057 Vigo";"26.079"
"2 Industria, incluida a enerxía [+]";""
"15006 Arzúa";"36"
"15010 Boimorto";"7"
"15066 Pino, O";"25"
"15085 Touro";"22"
"15011 Boiro";"102"
"15067 Pobra do Caramiñal, A";"53"
"15072 Rianxo";"57"
"15073 Ribeira";"98"
"15007 Baña, A";"20"
"15056 Negreira";"35"
"15014 Cabana de Bergantiños";"36"
"15019 Carballo";"198"
"15029 Coristanco";"37"
"15041 Laracha, A";"63"
"15040 Laxe";"21"
"15043 Malpica de Bergantiños";"67"
"15068 Ponteceso";"50"
"15003 Aranga";"14"
"15009 Betanzos";"62"
"15026 Cesuras";"-"
"15027 Coirós";"19"
"15032 Curtis";"50"
"15039 Irixoa";"4"
"15048 Miño";"20"
"15063 Oza dos Ríos";"-"
"15902 Oza Cesuras";"22"
"15064 Paderne";"15"
"15091 Vilarmaior";"10"
"15090 Vilasantar";"7"
"15001 Abegondo";"34"
"15005 Arteixo";"215"
"15008 Bergondo";"129"
"15017 Cambre";"148"
"15021 Carral";"73"
"15030 Coruña, A";"710"
"15031 Culleredo";"167"
"15058 Oleiros";"104"
"15075 Sada";"61"
"15015 Cabanas";"19"
"15018 Capela, A";"9"
"15050 Monfero";"11"
"15069 Pontedeume";"26"
"15070 Pontes de García Rodríguez, As";"68"
"15004 Ares";"12"
"15022 Cedeira";"32"
"15035 Fene";"44"
"15036 Ferrol";"116"
"15049 Moeche";"11"
"15051 Mugardos";"12"
"15054 Narón";"187"
"15055 Neda";"29"
"15076 San Sadurniño";"11"
"15081 Somozas, As";"16"
"15087 Valdoviño";"22"
"15023 Cee";"42"
"15028 Corcubión";"3"
"15034 Dumbría";"23"
"15037 Fisterra";"10"
"15052 Muxía";"30"
"15020 Carnota";"19"
"15053 Muros";"30"
"15042 Lousame";"14"
"15057 Noia";"57"
"15062 Outes";"43"
"15071 Porto do Son, O";"47"
"15024 Cerceda";"56"
"15038 Frades";"17"
"15047 Mesía";"26"
"15059 Ordes";"86"
"15060 Oroso";"48"
"15084 Tordoia";"17"
"15086 Trazo";"16"
"15901 Cariño";"21"
"15025 Cerdido";"4"
"15044 Mañón";"5"
"15061 Ortigueira";"32"
"15002 Ames";"102"
"15012 Boqueixón";"39"
"15013 Brión";"26"
"15078 Santiago de Compostela";"441"
"15082 Teo";"74"
"15088 Val do Dubra";"23"
"15089 Vedra";"41"
"15033 Dodro";"18"
"15065 Padrón";"83"
"15074 Rois";"22"
"15046 Melide";"52"
"15079 Santiso";"8"
"15080 Sobrado";"9"
"15083 Toques";"9"
"15016 Camariñas";"25"
"15092 Vimianzo";"72"
"15093 Zas";"41"
"15045 Mazaricos";"26"
"15077 Santa Comba";"83"
"27901 Baralla";"14"
"27006 Becerreá";"12"
"27012 Cervantes";"2"
"27034 Navia de Suarna";"6"
"27037 Nogais, As";"6"
"27045 Pedrafita do Cebreiro";"2"
"27009 Carballedo";"11"
"27016 Chantada";"79"
"27060 Taboada";"26"
"27004 Baleira";"7"
"27018 Fonsagrada, A";"21"
"27035 Negueira de Muñiz";"5"
"27011 Castroverde";"14"
"27014 Corgo, O";"23"
"27020 Friol";"29"
"27023 Guntín";"13"
"27028 Lugo";"387"
"27039 Outeiro de Rei";"43"
"27049 Portomarín";"9"
"27056 Rábade";"28"
"27002 Alfoz do Castrodouro";"19"
"27902 Burela";"29"
"27019 Foz";"41"
"27027 Lourenzá";"18"
"27030 Mondoñedo";"34"
"27063 Valadouro, O";"14"
"27013 Cervo";"26"
"27038 Ourol";"11"
"27064 Vicedo, O";"3"
"27066 Viveiro";"64"
"27025 Xove";"19"
"27005 Barreiros";"20"
"27048 Pontenova, A";"18"
"27051 Ribadeo";"52"
"27061 Trabada";"10"
"27029 Meira";"22"
"27046 Pol";"9"
"27053 Ribeira de Piquín, A";"0"
"27054 Riotorto";"13"
"27017 Folgoso do Courel";"8"
"27050 Quiroga";"29"
"27052 Ribas de Sil";"7"
"27024 Incio, O";"12"
"27026 Láncara";"18"
"27042 Paradela";"14"
"27043 Páramo, O";"10"
"27055 Samos";"7"
"27057 Sarria";"105"
"27062 Triacastela";"5"
"27001 Abadín";"18"
"27007 Begonte";"23"
"27010 Castro de Rei";"34"
"27015 Cospeito";"26"
"27022 Guitiriz";"33"
"27033 Muras";"15"
"27044 Pastoriza";"16"
"27065 Vilalba";"100"
"27021 Xermade";"7"
"27008 Bóveda";"8"
"27031 Monforte de Lemos";"103"
"27041 Pantón";"23"
"27047 Pobra do Brollón, A";"7"
"27058 Saviñao, O";"35"
"27059 Sober";"44"
"27003 Antas de Ulla";"13"
"27032 Monterroso";"30"
"27040 Palas de Rei";"27"
"32001 Allariz";"42"
"32007 Baños de Molgas";"9"
"32043 Maceda";"13"
"32055 Paderne de Allariz";"8"
"32036 Xunqueira de Ambía";"6"
"32037 Xunqueira de Espadanedo";"5"
"32006 Bande";"4"
"32030 Entrimo";"5"
"32041 Lobeira";"2"
"32042 Lobios";"6"
"32051 Muíños";"4"
"32011 Beariz";"0"
"32013 Boborás";"11"
"32019 Carballiño, O";"83"
"32035 Irixo, O";"12"
"32045 Maside";"24"
"32061 Piñor";"13"
"32065 Punxín";"3"
"32074 San Amaro";"10"
"32076 San Cristovo de Cea";"26"
"32005 Baltar";"7"
"32012 Blancos, Os";"7"
"32016 Calvos de Randín";"6"
"32062 Porqueira";"3"
"32067 Rairiz de Veiga";"5"
"32077 Sandiás";"9"
"32078 Sarreaus";"2"
"32082 Trasmiras";"10"
"32089 Vilar de Barrio";"6"
"32090 Vilar de Santos";"17"
"32032 Xinzo de Limia";"46"
"32002 Amoeiro";"11"
"32008 Barbadás";"41"
"32026 Coles";"38"
"32031 Esgos";"4"
"32052 Nogueira de Ramuín";"15"
"32054 Ourense";"329"
"32058 Pereiro de Aguiar, O";"52"
"32059 Peroxa, A";"11"
"32075 San Cibrao das Viñas";"159"
"32079 Taboadela";"19"
"32081 Toén";"16"
"32087 Vilamarín";"24"
"32003 Arnoia, A";"14"
"32004 Avión";"4"
"32010 Beade";"11"
"32018 Carballeda de Avia";"8"
"32022 Castrelo de Miño";"27"
"32025 Cenlle";"18"
"32027 Cortegada";"8"
"32040 Leiro";"34"
"32046 Melón";"11"
"32069 Ribadavia";"60"
"32023 Castro de Caldelas, O";"11"
"32049 Montederramo";"5"
"32057 Parada de Sil";"10"
"32080 Teixeira, A";"11"
"32014 Bola, A";"2"
"32020 Cartelle";"19"
"32024 Celanova";"35"
"32033 Gomesende";"7"
"32047 Merca, A";"19"
"32056 Padrenda";"8"
"32064 Pontedeva";"7"
"32066 Quintela de Leirado";"2"
"32068 Ramirás";"15"
"32084 Verea";"3"
"32029 Chandrexa de Queixa";"5"
"32044 Manzaneda";"13"
"32063 Pobra de Trives, A";"16"
"32070 San Xoán de Río";"1"
"32009 Barco de Valdeorras, O";"68"
"32015 Bolo, O";"6"
"32017 Carballeda de Valdeorras";"54"
"32038 Larouco";"10"
"32060 Petín";"13"
"32072 Rúa, A";"41"
"32073 Rubiá";"21"
"32083 Veiga, A";"7"
"32088 Vilamartín de Valdeorras";"27"
"32021 Castrelo do Val";"4"
"32028 Cualedro";"4"
"32039 Laza";"9"
"32050 Monterrei";"25"
"32053 Oímbra";"20"
"32071 Riós, O";"6"
"32085 Verín";"77"
"32091 Vilardevós";"6"
"32034 Gudiña, A";"11"
"32048 Mezquita, A";"6"
"32086 Viana do Bolo";"14"
"32092 Vilariño de Conso";"5"
"36023 Guarda, A";"30"
"36036 Oia";"9"
"36048 Rosal, O";"56"
"36054 Tomiño";"68"
"36055 Tui";"109"
"36005 Caldas de Reis";"78"
"36010 Catoira";"28"
"36015 Cuntis";"35"
"36032 Moraña";"22"
"36044 Pontecesures";"17"
"36040 Portas";"15"
"36056 Valga";"37"
"36030 Mondariz";"17"
"36031 Mondariz Balneario";"3"
"36034 Neves, As";"21"
"36042 Ponteareas";"119"
"36050 Salvaterra de Miño";"70"
"36020 Agolada";"16"
"36016 Dozón";"9"
"36024 Lalín";"165"
"36047 Rodeiro";"23"
"36052 Silleda";"74"
"36059 Vila de Cruces";"42"
"36004 Bueu";"55"
"36008 Cangas de Morrazo";"88"
"36026 Marín";"84"
"36029 Moaña";"103"
"36001 Arbo";"28"
"36009 Caniza, A";"38"
"36013 Covelo";"7"
"36014 Crecente";"10"
"36002 Barro";"42"
"36007 Campo Lameiro, O";"13"
"36902 Cerdedo Cotobade";"30"
"36012 Cotobade";"-"
"36025 Lama, A";"15"
"36041 Poio";"49"
"36043 Ponte Caldelas";"28"
"36038 Pontevedra";"280"
"36058 Vilaboa";"37"
"36006 Cambados";"119"
"36022 Grove, O";"44"
"36901 Illa de Arousa, A";"26"
"36027 Meaño";"70"
"36028 Meis";"46"
"36046 Ribadumia";"83"
"36051 Sanxenxo";"108"
"36060 Vilagarcía de Arousa";"154"
"36061 Vilanova de Arousa";"71"
"36011 Cerdedo";"-"
"36017 Estrada, A";"165"
"36018 Forcarei";"28"
"36003 Baiona";"39"
"36019 Fornelos de Montes";"0"
"36021 Gondomar";"96"
"36033 Mos";"200"
"36035 Nigrán";"112"
"36037 Pazos de Borbén";"16"
"36039 Porriño, O";"300"
"36045 Redondela";"130"
"36049 Salceda de Caselas";"53"
"36053 Soutomaior";"30"
"36057 Vigo";"1.101"
"3 Construción [+]";""
"15006 Arzúa";"72"
"15010 Boimorto";"21"
"15066 Pino, O";"42"
"15085 Touro";"29"
"15011 Boiro";"181"
"15067 Pobra do Caramiñal, A";"63"
"15072 Rianxo";"94"
"15073 Ribeira";"179"
"15007 Baña, A";"28"
"15056 Negreira";"103"
"15014 Cabana de Bergantiños";"92"
"15019 Carballo";"623"
"15029 Coristanco";"117"
"15041 Laracha, A";"176"
"15040 Laxe";"60"
"15043 Malpica de Bergantiños";"77"
"15068 Ponteceso";"84"
"15003 Aranga";"14"
"15009 Betanzos";"119"
"15026 Cesuras";"-"
"15027 Coirós";"15"
"15032 Curtis";"57"
"15039 Irixoa";"14"
"15048 Miño";"65"
"15063 Oza dos Ríos";"-"
"15902 Oza Cesuras";"57"
"15064 Paderne";"22"
"15091 Vilarmaior";"15"
"15090 Vilasantar";"19"
"15001 Abegondo";"93"
"15005 Arteixo";"426"
"15008 Bergondo";"117"
"15017 Cambre";"259"
"15021 Carral";"72"
"15030 Coruña, A";"1.986"
"15031 Culleredo";"318"
"15058 Oleiros";"287"
"15075 Sada";"129"
"15015 Cabanas";"43"
"15018 Capela, A";"6"
"15050 Monfero";"22"
"15069 Pontedeume";"51"
"15070 Pontes de García Rodríguez, As";"62"
"15004 Ares";"37"
"15022 Cedeira";"78"
"15035 Fene";"98"
"15036 Ferrol";"332"
"15049 Moeche";"12"
"15051 Mugardos";"45"
"15054 Narón";"283"
"15055 Neda";"40"
"15076 San Sadurniño";"30"
"15081 Somozas, As";"8"
"15087 Valdoviño";"55"
"15023 Cee";"81"
"15028 Corcubión";"10"
"15034 Dumbría";"43"
"15037 Fisterra";"32"
"15052 Muxía";"71"
"15020 Carnota";"43"
"15053 Muros";"83"
"15042 Lousame";"45"
"15057 Noia";"142"
"15062 Outes";"92"
"15071 Porto do Son, O";"127"
"15024 Cerceda";"83"
"15038 Frades";"25"
"15047 Mesía";"25"
"15059 Ordes";"175"
"15060 Oroso";"82"
"15084 Tordoia";"35"
"15086 Trazo";"43"
"15901 Cariño";"56"
"15025 Cerdido";"10"
"15044 Mañón";"8"
"15061 Ortigueira";"60"
"15002 Ames";"333"
"15012 Boqueixón";"50"
"15013 Brión";"77"
"15078 Santiago de Compostela";"792"
"15082 Teo";"190"
"15088 Val do Dubra";"46"
"15089 Vedra";"53"
"15033 Dodro";"27"
"15065 Padrón";"79"
"15074 Rois";"36"
"15046 Melide";"146"
"15079 Santiso";"20"
"15080 Sobrado";"21"
"15083 Toques";"14"
"15016 Camariñas";"84"
"15092 Vimianzo";"166"
"15093 Zas";"96"
"15045 Mazaricos";"59"
"15077 Santa Comba";"170"
"27901 Baralla";"32"
"27006 Becerreá";"38"
"27012 Cervantes";"11"
"27034 Navia de Suarna";"18"
"27037 Nogais, As";"9"
"27045 Pedrafita do Cebreiro";"5"
"27009 Carballedo";"25"
"27016 Chantada";"109"
"27060 Taboada";"28"
"27004 Baleira";"8"
"27018 Fonsagrada, A";"30"
"27035 Negueira de Muñiz";"2"
"27011 Castroverde";"33"
"27014 Corgo, O";"40"
"27020 Friol";"38"
"27023 Guntín";"35"
"27028 Lugo";"932"
"27039 Outeiro de Rei";"64"
"27049 Portomarín";"11"
"27056 Rábade";"10"
"27002 Alfoz do Castrodouro";"20"
"27902 Burela";"84"
"27019 Foz";"142"
"27027 Lourenzá";"32"
"27030 Mondoñedo";"56"
"27063 Valadouro, O";"23"
"27013 Cervo";"26"
"27038 Ourol";"3"
"27064 Vicedo, O";"21"
"27066 Viveiro";"108"
"27025 Xove";"30"
"27005 Barreiros";"45"
"27048 Pontenova, A";"50"
"27051 Ribadeo";"105"
"27061 Trabada";"12"
"27029 Meira";"24"
"27046 Pol";"12"
"27053 Ribeira de Piquín, A";"5"
"27054 Riotorto";"13"
"27017 Folgoso do Courel";"8"
"27050 Quiroga";"44"
"27052 Ribas de Sil";"9"
"27024 Incio, O";"13"
"27026 Láncara";"32"
"27042 Paradela";"21"
"27043 Páramo, O";"8"
"27055 Samos";"3"
"27057 Sarria";"164"
"27062 Triacastela";"3"
"27001 Abadín";"19"
"27007 Begonte";"36"
"27010 Castro de Rei";"52"
"27015 Cospeito";"37"
"27022 Guitiriz";"56"
"27033 Muras";"2"
"27044 Pastoriza";"31"
"27065 Vilalba";"146"
"27021 Xermade";"8"
"27008 Bóveda";"15"
"27031 Monforte de Lemos";"220"
"27041 Pantón";"24"
"27047 Pobra do Brollón, A";"19"
"27058 Saviñao, O";"51"
"27059 Sober";"31"
"27003 Antas de Ulla";"27"
"27032 Monterroso";"50"
"27040 Palas de Rei";"44"
"32001 Allariz";"87"
"32007 Baños de Molgas";"17"
"32043 Maceda";"41"
"32055 Paderne de Allariz";"16"
"32036 Xunqueira de Ambía";"26"
"32037 Xunqueira de Espadanedo";"8"
"32006 Bande";"25"
"32030 Entrimo";"28"
"32041 Lobeira";"5"
"32042 Lobios";"15"
"32051 Muíños";"20"
"32011 Beariz";"1"
"32013 Boborás";"22"
"32019 Carballiño, O";"226"
"32035 Irixo, O";"16"
"32045 Maside";"45"
"32061 Piñor";"16"
"32065 Punxín";"6"
"32074 San Amaro";"5"
"32076 San Cristovo de Cea";"27"
"32005 Baltar";"8"
"32012 Blancos, Os";"7"
"32016 Calvos de Randín";"5"
"32062 Porqueira";"7"
"32067 Rairiz de Veiga";"12"
"32077 Sandiás";"8"
"32078 Sarreaus";"9"
"32082 Trasmiras";"19"
"32089 Vilar de Barrio";"16"
"32090 Vilar de Santos";"10"
"32032 Xinzo de Limia";"135"
"32002 Amoeiro";"36"
"32008 Barbadás";"116"
"32026 Coles";"41"
"32031 Esgos";"12"
"32052 Nogueira de Ramuín";"19"
"32054 Ourense";"1.054"
"32058 Pereiro de Aguiar, O";"78"
"32059 Peroxa, A";"10"
"32075 San Cibrao das Viñas";"108"
"32079 Taboadela";"28"
"32081 Toén";"23"
"32087 Vilamarín";"18"
"32003 Arnoia, A";"8"
"32004 Avión";"16"
"32010 Beade";"4"
"32018 Carballeda de Avia";"23"
"32022 Castrelo de Miño";"4"
"32025 Cenlle";"7"
"32027 Cortegada";"15"
"32040 Leiro";"16"
"32046 Melón";"10"
"32069 Ribadavia";"44"
"32023 Castro de Caldelas, O";"16"
"32049 Montederramo";"4"
"32057 Parada de Sil";"4"
"32080 Teixeira, A";"3"
"32014 Bola, A";"10"
"32020 Cartelle";"28"
"32024 Celanova";"100"
"32033 Gomesende";"13"
"32047 Merca, A";"20"
"32056 Padrenda";"19"
"32064 Pontedeva";"12"
"32066 Quintela de Leirado";"6"
"32068 Ramirás";"21"
"32084 Verea";"15"
"32029 Chandrexa de Queixa";"2"
"32044 Manzaneda";"5"
"32063 Pobra de Trives, A";"20"
"32070 San Xoán de Río";"6"
"32009 Barco de Valdeorras, O";"139"
"32015 Bolo, O";"8"
"32017 Carballeda de Valdeorras";"4"
"32038 Larouco";"3"
"32060 Petín";"10"
"32072 Rúa, A";"58"
"32073 Rubiá";"19"
"32083 Veiga, A";"14"
"32088 Vilamartín de Valdeorras";"17"
"32021 Castrelo do Val";"5"
"32028 Cualedro";"17"
"32039 Laza";"12"
"32050 Monterrei";"15"
"32053 Oímbra";"15"
"32071 Riós, O";"15"
"32085 Verín";"139"
"32091 Vilardevós";"11"
"32034 Gudiña, A";"10"
"32048 Mezquita, A";"14"
"32086 Viana do Bolo";"37"
"32092 Vilariño de Conso";"3"
"36023 Guarda, A";"93"
"36036 Oia";"41"
"36048 Rosal, O";"97"
"36054 Tomiño";"160"
"36055 Tui";"185"
"36005 Caldas de Reis";"121"
"36010 Catoira";"22"
"36015 Cuntis";"54"
"36032 Moraña";"64"
"36044 Pontecesures";"23"
"36040 Portas";"45"
"36056 Valga";"71"
"36030 Mondariz";"35"
"36031 Mondariz Balneario";"0"
"36034 Neves, As";"40"
"36042 Ponteareas";"302"
"36050 Salvaterra de Miño";"133"
"36020 Agolada";"30"
"36016 Dozón";"10"
"36024 Lalín";"311"
"36047 Rodeiro";"20"
"36052 Silleda";"121"
"36059 Vila de Cruces";"75"
"36004 Bueu";"103"
"36008 Cangas de Morrazo";"183"
"36026 Marín";"153"
"36029 Moaña";"146"
"36001 Arbo";"25"
"36009 Caniza, A";"53"
"36013 Covelo";"29"
"36014 Crecente";"19"
"36002 Barro";"90"
"36007 Campo Lameiro, O";"20"
"36902 Cerdedo Cotobade";"59"
"36012 Cotobade";"-"
"36025 Lama, A";"30"
"36041 Poio";"176"
"36043 Ponte Caldelas";"79"
"36038 Pontevedra";"785"
"36058 Vilaboa";"64"
"36006 Cambados";"149"
"36022 Grove, O";"112"
"36901 Illa de Arousa, A";"31"
"36027 Meaño";"88"
"36028 Meis";"82"
"36046 Ribadumia";"67"
"36051 Sanxenxo";"278"
"36060 Vilagarcía de Arousa";"289"
"36061 Vilanova de Arousa";"113"
"36011 Cerdedo";"-"
"36017 Estrada, A";"238"
"36018 Forcarei";"43"
"36003 Baiona";"118"
"36019 Fornelos de Montes";"17"
"36021 Gondomar";"208"
"36033 Mos";"161"
"36035 Nigrán";"178"
"36037 Pazos de Borbén";"30"
"36039 Porriño, O";"238"
"36045 Redondela";"250"
"36049 Salceda de Caselas";"115"
"36053 Soutomaior";"72"
"36057 Vigo";"2.149"
"4 Servizos [+]";""
"15006 Arzúa";"416"
"15010 Boimorto";"80"
"15066 Pino, O";"261"
"15085 Touro";"117"
"15011 Boiro";"1.110"
"15067 Pobra do Caramiñal, A";"512"
"15072 Rianxo";"474"
"15073 Ribeira";"1.574"
"15007 Baña, A";"107"
"15056 Negreira";"400"
"15014 Cabana de Bergantiños";"147"
"15019 Carballo";"2.029"
"15029 Coristanco";"206"
"15041 Laracha, A";"489"
"15040 Laxe";"145"
"15043 Malpica de Bergantiños";"269"
"15068 Ponteceso";"308"
"15003 Aranga";"82"
"15009 Betanzos";"968"
"15026 Cesuras";"-"
"15027 Coirós";"90"
"15032 Curtis";"296"
"15039 Irixoa";"46"
"15048 Miño";"371"
"15063 Oza dos Ríos";"-"
"15902 Oza Cesuras";"203"
"15064 Paderne";"107"
"15091 Vilarmaior";"42"
"15090 Vilasantar";"53"
"15001 Abegondo";"243"
"15005 Arteixo";"1.750"
"15008 Bergondo";"713"
"15017 Cambre";"1.408"
"15021 Carral";"328"
"15030 Coruña, A";"21.742"
"15031 Culleredo";"1.799"
"15058 Oleiros";"2.266"
"15075 Sada";"1.048"
"15015 Cabanas";"166"
"15018 Capela, A";"49"
"15050 Monfero";"75"
"15069 Pontedeume";"443"
"15070 Pontes de García Rodríguez, As";"595"
"15004 Ares";"248"
"15022 Cedeira";"417"
"15035 Fene";"554"
"15036 Ferrol";"3.755"
"15049 Moeche";"75"
"15051 Mugardos";"209"
"15054 Narón";"1.881"
"15055 Neda";"171"
"15076 San Sadurniño";"111"
"15081 Somozas, As";"45"
"15087 Valdoviño";"260"
"15023 Cee";"597"
"15028 Corcubión";"98"
"15034 Dumbría";"95"
"15037 Fisterra";"290"
"15052 Muxía";"228"
"15020 Carnota";"186"
"15053 Muros";"421"
"15042 Lousame";"86"
"15057 Noia";"923"
"15062 Outes";"264"
"15071 Porto do Son, O";"388"
"15024 Cerceda";"255"
"15038 Frades";"92"
"15047 Mesía";"83"
"15059 Ordes";"784"
"15060 Oroso";"406"
"15084 Tordoia";"104"
"15086 Trazo";"92"
"15901 Cariño";"220"
"15025 Cerdido";"51"
"15044 Mañón";"64"
"15061 Ortigueira";"331"
"15002 Ames";"2.085"
"15012 Boqueixón";"231"
"15013 Brión";"297"
"15078 Santiago de Compostela";"10.271"
"15082 Teo";"905"
"15088 Val do Dubra";"185"
"15089 Vedra";"228"
"15033 Dodro";"76"
"15065 Padrón";"701"
"15074 Rois";"175"
"15046 Melide";"635"
"15079 Santiso";"51"
"15080 Sobrado";"79"
"15083 Toques";"35"
"15016 Camariñas";"303"
"15092 Vimianzo";"419"
"15093 Zas";"268"
"15045 Mazaricos";"193"
"15077 Santa Comba";"575"
"27901 Baralla";"147"
"27006 Becerreá";"180"
"27012 Cervantes";"46"
"27034 Navia de Suarna";"51"
"27037 Nogais, As";"45"
"27045 Pedrafita do Cebreiro";"61"
"27009 Carballedo";"94"
"27016 Chantada";"607"
"27060 Taboada";"106"
"27004 Baleira";"56"
"27018 Fonsagrada, A";"176"
"27035 Negueira de Muñiz";"9"
"27011 Castroverde";"146"
"27014 Corgo, O";"173"
"27020 Friol";"173"
"27023 Guntín";"82"
"27028 Lugo";"7.809"
"27039 Outeiro de Rei";"231"
"27049 Portomarín";"121"
"27056 Rábade";"154"
"27002 Alfoz do Castrodouro";"65"
"27902 Burela";"640"
"27019 Foz";"619"
"27027 Lourenzá";"153"
"27030 Mondoñedo";"238"
"27063 Valadouro, O";"82"
"27013 Cervo";"175"
"27038 Ourol";"27"
"27064 Vicedo, O";"58"
"27066 Viveiro";"965"
"27025 Xove";"145"
"27005 Barreiros";"207"
"27048 Pontenova, A";"161"
"27051 Ribadeo";"857"
"27061 Trabada";"42"
"27029 Meira";"161"
"27046 Pol";"57"
"27053 Ribeira de Piquín, A";"15"
"27054 Riotorto";"62"
"27017 Folgoso do Courel";"48"
"27050 Quiroga";"166"
"27052 Ribas de Sil";"46"
"27024 Incio, O";"55"
"27026 Láncara";"134"
"27042 Paradela";"73"
"27043 Páramo, O";"30"
"27055 Samos";"66"
"27057 Sarria";"1.084"
"27062 Triacastela";"54"
"27001 Abadín";"87"
"27007 Begonte";"130"
"27010 Castro de Rei";"258"
"27015 Cospeito";"228"
"27022 Guitiriz";"287"
"27033 Muras";"22"
"27044 Pastoriza";"136"
"27065 Vilalba";"929"
"27021 Xermade";"60"
"27008 Bóveda";"63"
"27031 Monforte de Lemos";"1.227"
"27041 Pantón";"102"
"27047 Pobra do Brollón, A";"68"
"27058 Saviñao, O";"154"
"27059 Sober";"85"
"27003 Antas de Ulla";"71"
"27032 Monterroso";"227"
"27040 Palas de Rei";"247"
"32001 Allariz";"427"
"32007 Baños de Molgas";"52"
"32043 Maceda";"167"
"32055 Paderne de Allariz";"36"
"32036 Xunqueira de Ambía";"56"
"32037 Xunqueira de Espadanedo";"31"
"32006 Bande";"64"
"32030 Entrimo";"51"
"32041 Lobeira";"21"
"32042 Lobios";"74"
"32051 Muíños";"42"
"32011 Beariz";"28"
"32013 Boborás";"54"
"32019 Carballiño, O";"1.127"
"32035 Irixo, O";"41"
"32045 Maside";"134"
"32061 Piñor";"39"
"32065 Punxín";"18"
"32074 San Amaro";"36"
"32076 San Cristovo de Cea";"110"
"32005 Baltar";"35"
"32012 Blancos, Os";"19"
"32016 Calvos de Randín";"12"
"32062 Porqueira";"11"
"32067 Rairiz de Veiga";"36"
"32077 Sandiás";"41"
"32078 Sarreaus";"29"
"32082 Trasmiras";"41"
"32089 Vilar de Barrio";"40"
"32090 Vilar de Santos";"29"
"32032 Xinzo de Limia";"743"
"32002 Amoeiro";"104"
"32008 Barbadás";"472"
"32026 Coles";"152"
"32031 Esgos";"30"
"32052 Nogueira de Ramuín";"79"
"32054 Ourense";"8.454"
"32058 Pereiro de Aguiar, O";"268"
"32059 Peroxa, A";"51"
"32075 San Cibrao das Viñas";"710"
"32079 Taboadela";"67"
"32081 Toén";"66"
"32087 Vilamarín";"87"
"32003 Arnoia, A";"39"
"32004 Avión";"63"
"32010 Beade";"16"
"32018 Carballeda de Avia";"34"
"32022 Castrelo de Miño";"48"
"32025 Cenlle";"58"
"32027 Cortegada";"58"
"32040 Leiro";"60"
"32046 Melón";"36"
"32069 Ribadavia";"350"
"32023 Castro de Caldelas, O";"77"
"32049 Montederramo";"27"
"32057 Parada de Sil";"32"
"32080 Teixeira, A";"25"
"32014 Bola, A";"24"
"32020 Cartelle";"89"
"32024 Celanova";"381"
"32033 Gomesende";"18"
"32047 Merca, A";"66"
"32056 Padrenda";"63"
"32064 Pontedeva";"19"
"32066 Quintela de Leirado";"12"
"32068 Ramirás";"51"
"32084 Verea";"23"
"32029 Chandrexa de Queixa";"13"
"32044 Manzaneda";"39"
"32063 Pobra de Trives, A";"132"
"32070 San Xoán de Río";"19"
"32009 Barco de Valdeorras, O";"874"
"32015 Bolo, O";"26"
"32017 Carballeda de Valdeorras";"68"
"32038 Larouco";"17"
"32060 Petín";"31"
"32072 Rúa, A";"292"
"32073 Rubiá";"33"
"32083 Veiga, A";"54"
"32088 Vilamartín de Valdeorras";"69"
"32021 Castrelo do Val";"22"
"32028 Cualedro";"37"
"32039 Laza";"42"
"32050 Monterrei";"56"
"32053 Oímbra";"41"
"32071 Riós, O";"67"
"32085 Verín";"979"
"32091 Vilardevós";"34"
"32034 Gudiña, A";"91"
"32048 Mezquita, A";"41"
"32086 Viana do Bolo";"141"
"32092 Vilariño de Conso";"21"
"36023 Guarda, A";"701"
"36036 Oia";"131"
"36048 Rosal, O";"272"
"36054 Tomiño";"655"
"36055 Tui";"1.117"
"36005 Caldas de Reis";"677"
"36010 Catoira";"135"
"36015 Cuntis";"245"
"36032 Moraña";"200"
"36044 Pontecesures";"199"
"36040 Portas";"102"
"36056 Valga";"184"
"36030 Mondariz";"158"
"36031 Mondariz Balneario";"56"
"36034 Neves, As";"144"
"36042 Ponteareas";"1.404"
"36050 Salvaterra de Miño";"452"
"36020 Agolada";"108"
"36016 Dozón";"33"
"36024 Lalín";"1.424"
"36047 Rodeiro";"106"
"36052 Silleda";"633"
"36059 Vila de Cruces";"274"
"36004 Bueu";"687"
"36008 Cangas de Morrazo";"1.549"
"36026 Marín";"1.194"
"36029 Moaña";"941"
"36001 Arbo";"127"
"36009 Caniza, A";"301"
"36013 Covelo";"111"
"36014 Crecente";"58"
"36002 Barro";"260"
"36007 Campo Lameiro, O";"72"
"36902 Cerdedo Cotobade";"180"
"36012 Cotobade";"-"
"36025 Lama, A";"102"
"36041 Poio";"823"
"36043 Ponte Caldelas";"313"
"36038 Pontevedra";"6.567"
"36058 Vilaboa";"277"
"36006 Cambados";"1.023"
"36022 Grove, O";"866"
"36901 Illa de Arousa, A";"207"
"36027 Meaño";"294"
"36028 Meis";"248"
"36046 Ribadumia";"313"
"36051 Sanxenxo";"1.643"
"36060 Vilagarcía de Arousa";"2.557"
"36061 Vilanova de Arousa";"562"
"36011 Cerdedo";"-"
"36017 Estrada, A";"1.188"
"36018 Forcarei";"164"
"36003 Baiona";"861"
"36019 Fornelos de Montes";"64"
"36021 Gondomar";"738"
"36033 Mos";"1.023"
"36035 Nigrán";"1.329"
"36037 Pazos de Borbén";"94"
"36039 Porriño, O";"1.707"
"36045 Redondela";"1.518"
"36049 Salceda de Caselas";"469"
"36053 Soutomaior";"385"
"36057 Vigo";"22.829"
"";""
"Fonte: IGE. Explotación do directorio de empresas e unidades locais";""
"Notas: Non se inclúe o sector primario nin a administración pública";""
"A partir do ano 2023 inclúense unicamente as unidades locais das empresas economicamente activas, polo que os datos non son comparables cos anos anteriores";""
"(-) Non procede";""
"(30-12-2025)";""

"IGE - Instituto Galego de Estatística"