"Porcentaxe de poboación estranxeira, por sexo. Galicia, provincias, comarcas e concellos";""
"";""
"Unidade: Porcentaxe";""
"Variables en filas: Tempo, Espazo";""
"Variables en columnas: Sexo";""
"Variables de corte: Indicador=Porcentaxe de poboación estranxeira";""
"";"Total"
"2022";""
"15001 Abegondo";"1,59"
"15002 Ames";"5,37"
"15003 Aranga";"1,96"
"15004 Ares";"2,65"
"15005 Arteixo";"5,88"
"15006 Arzúa";"4,03"
"15007 Baña, A";"0,54"
"15008 Bergondo";"2,32"
"15009 Betanzos";"5,27"
"15010 Boimorto";"3,06"
"15011 Boiro";"2,83"
"15012 Boqueixón";"1,48"
"15013 Brión";"2,80"
"15014 Cabana de Bergantiños";"0,86"
"15015 Cabanas";"2,00"
"15016 Camariñas";"2,24"
"15017 Cambre";"3,91"
"15018 Capela, A";"2,12"
"15019 Carballo";"2,52"
"15901 Cariño";"3,73"
"15020 Carnota";"1,48"
"15021 Carral";"4,01"
"15022 Cedeira";"6,13"
"15023 Cee";"2,79"
"15024 Cerceda";"3,18"
"15025 Cerdido";"4,25"
"15026 Cesuras";"-"
"15027 Coirós";"1,88"
"15028 Corcubión";"2,27"
"15029 Coristanco";"1,33"
"15030 Coruña, A";"6,31"
"15031 Culleredo";"4,86"
"15032 Curtis";"4,85"
"15033 Dodro";"1,04"
"15034 Dumbría";"1,19"
"15035 Fene";"1,48"
"15036 Ferrol";"3,57"
"15037 Fisterra";"3,94"
"15038 Frades";"1,01"
"15039 Irixoa";"1,06"
"15041 Laracha, A";"2,81"
"15040 Laxe";"2,05"
"15042 Lousame";"0,81"
"15043 Malpica de Bergantiños";"1,91"
"15044 Mañón";"3,74"
"15045 Mazaricos";"0,66"
"15046 Melide";"4,44"
"15047 Mesía";"1,14"
"15048 Miño";"3,99"
"15049 Moeche";"2,01"
"15050 Monfero";"2,73"
"15051 Mugardos";"1,13"
"15053 Muros";"1,55"
"15052 Muxía";"2,18"
"15054 Narón";"2,68"
"15055 Neda";"1,49"
"15056 Negreira";"3,79"
"15057 Noia";"2,79"
"15058 Oleiros";"4,34"
"15059 Ordes";"5,04"
"15060 Oroso";"4,78"
"15061 Ortigueira";"3,93"
"15062 Outes";"1,39"
"15063 Oza dos Ríos";"-"
"15902 Oza Cesuras";"2,01"
"15064 Paderne";"1,77"
"15065 Padrón";"2,18"
"15066 Pino, O";"1,27"
"15067 Pobra do Caramiñal, A";"2,05"
"15068 Ponteceso";"2,75"
"15069 Pontedeume";"2,72"
"15070 Pontes de García Rodríguez, As";"2,87"
"15071 Porto do Son, O";"2,23"
"15072 Rianxo";"0,90"
"15073 Ribeira";"4,62"
"15074 Rois";"0,88"
"15075 Sada";"5,90"
"15076 San Sadurniño";"1,64"
"15077 Santa Comba";"3,49"
"15078 Santiago de Compostela";"5,44"
"15079 Santiso";"1,32"
"15080 Sobrado";"2,16"
"15081 Somozas, As";"1,68"
"15082 Teo";"2,50"
"15083 Toques";"0,83"
"15084 Tordoia";"0,43"
"15085 Touro";"0,95"
"15086 Trazo";"1,58"
"15088 Val do Dubra";"2,18"
"15087 Valdoviño";"1,56"
"15089 Vedra";"1,20"
"15091 Vilarmaior";"2,09"
"15090 Vilasantar";"1,69"
"15092 Vimianzo";"1,99"
"15093 Zas";"1,21"
"27001 Abadín";"1,15"
"27002 Alfoz do Castrodouro";"1,33"
"27003 Antas de Ulla";"3,86"
"27004 Baleira";"2,15"
"27901 Baralla";"3,94"
"27005 Barreiros";"4,60"
"27006 Becerreá";"5,12"
"27007 Begonte";"1,93"
"27008 Bóveda";"2,33"
"27902 Burela";"11,67"
"27009 Carballedo";"1,89"
"27010 Castro de Rei";"5,31"
"27011 Castroverde";"2,86"
"27012 Cervantes";"0,80"
"27013 Cervo";"2,99"
"27016 Chantada";"4,97"
"27014 Corgo, O";"1,10"
"27015 Cospeito";"3,11"
"27017 Folgoso do Courel";"1,90"
"27018 Fonsagrada, A";"2,49"
"27019 Foz";"6,40"
"27020 Friol";"2,59"
"27022 Guitiriz";"4,71"
"27023 Guntín";"1,78"
"27024 Incio, O";"2,98"
"27026 Láncara";"3,00"
"27027 Lourenzá";"6,36"
"27028 Lugo";"6,24"
"27029 Meira";"8,68"
"27030 Mondoñedo";"2,92"
"27031 Monforte de Lemos";"7,38"
"27032 Monterroso";"3,46"
"27033 Muras";"4,79"
"27034 Navia de Suarna";"3,02"
"27035 Negueira de Muñiz";"6,96"
"27037 Nogais, As";"1,11"
"27038 Ourol";"3,31"
"27039 Outeiro de Rei";"1,40"
"27040 Palas de Rei";"3,86"
"27041 Pantón";"6,28"
"27042 Paradela";"1,49"
"27043 Páramo, O";"1,51"
"27044 Pastoriza";"2,19"
"27045 Pedrafita do Cebreiro";"1,92"
"27047 Pobra do Brollón, A";"3,08"
"27046 Pol";"3,48"
"27048 Pontenova, A";"4,48"
"27049 Portomarín";"3,29"
"27050 Quiroga";"3,36"
"27056 Rábade";"8,34"
"27051 Ribadeo";"4,90"
"27052 Ribas de Sil";"2,55"
"27053 Ribeira de Piquín, A";"1,81"
"27054 Riotorto";"4,38"
"27055 Samos";"2,41"
"27057 Sarria";"6,27"
"27058 Saviñao, O";"4,38"
"27059 Sober";"4,41"
"27060 Taboada";"5,08"
"27061 Trabada";"1,81"
"27062 Triacastela";"2,37"
"27063 Valadouro, O";"3,77"
"27064 Vicedo, O";"2,47"
"27065 Vilalba";"4,15"
"27066 Viveiro";"6,81"
"27021 Xermade";"1,98"
"27025 Xove";"8,70"
"32001 Allariz";"3,91"
"32002 Amoeiro";"3,04"
"32003 Arnoia, A";"1,99"
"32004 Avión";"3,97"
"32005 Baltar";"9,53"
"32006 Bande";"3,63"
"32007 Baños de Molgas";"2,34"
"32008 Barbadás";"4,45"
"32009 Barco de Valdeorras, O";"9,37"
"32010 Beade";"1,89"
"32011 Beariz";"2,04"
"32012 Blancos, Os";"2,17"
"32013 Boborás";"3,15"
"32014 Bola, A";"5,07"
"32015 Bolo, O";"1,57"
"32016 Calvos de Randín";"4,53"
"32018 Carballeda de Avia";"1,97"
"32017 Carballeda de Valdeorras";"14,50"
"32019 Carballiño, O";"6,28"
"32020 Cartelle";"1,74"
"32022 Castrelo de Miño";"2,67"
"32021 Castrelo do Val";"2,27"
"32023 Castro de Caldelas, O";"3,79"
"32024 Celanova";"4,89"
"32025 Cenlle";"5,00"
"32029 Chandrexa de Queixa";"1,81"
"32026 Coles";"2,76"
"32027 Cortegada";"2,73"
"32028 Cualedro";"2,71"
"32030 Entrimo";"10,27"
"32031 Esgos";"1,81"
"32033 Gomesende";"5,15"
"32034 Gudiña, A";"6,93"
"32035 Irixo, O";"1,46"
"32038 Larouco";"2,71"
"32039 Laza";"1,57"
"32040 Leiro";"2,96"
"32041 Lobeira";"4,02"
"32042 Lobios";"7,13"
"32043 Maceda";"3,99"
"32044 Manzaneda";"3,02"
"32045 Maside";"2,48"
"32046 Melón";"1,50"
"32047 Merca, A";"2,88"
"32048 Mezquita, A";"14,34"
"32049 Montederramo";"2,70"
"32050 Monterrei";"2,68"
"32051 Muíños";"3,16"
"32052 Nogueira de Ramuín";"2,75"
"32053 Oímbra";"17,62"
"32054 Ourense";"6,34"
"32055 Paderne de Allariz";"3,09"
"32056 Padrenda";"8,50"
"32057 Parada de Sil";"4,54"
"32058 Pereiro de Aguiar, O";"2,20"
"32059 Peroxa, A";"1,60"
"32060 Petín";"4,42"
"32061 Piñor";"3,83"
"32063 Pobra de Trives, A";"3,71"
"32064 Pontedeva";"3,57"
"32062 Porqueira";"1,90"
"32065 Punxín";"3,91"
"32066 Quintela de Leirado";"6,76"
"32067 Rairiz de Veiga";"0,66"
"32068 Ramirás";"6,01"
"32069 Ribadavia";"3,36"
"32071 Riós, O";"5,38"
"32072 Rúa, A";"5,50"
"32073 Rubiá";"2,40"
"32074 San Amaro";"3,65"
"32075 San Cibrao das Viñas";"4,12"
"32076 San Cristovo de Cea";"2,59"
"32070 San Xoán de Río";"1,78"
"32077 Sandiás";"2,57"
"32078 Sarreaus";"1,26"
"32079 Taboadela";"1,90"
"32080 Teixeira, A";"4,03"
"32081 Toén";"3,50"
"32082 Trasmiras";"2,46"
"32083 Veiga, A";"4,10"
"32084 Verea";"2,76"
"32085 Verín";"11,16"
"32086 Viana do Bolo";"2,95"
"32087 Vilamarín";"2,96"
"32088 Vilamartín de Valdeorras";"6,33"
"32089 Vilar de Barrio";"2,15"
"32090 Vilar de Santos";"1,89"
"32091 Vilardevós";"4,52"
"32092 Vilariño de Conso";"2,38"
"32032 Xinzo de Limia";"4,95"
"32036 Xunqueira de Ambía";"2,74"
"32037 Xunqueira de Espadanedo";"2,49"
"36020 Agolada";"2,38"
"36001 Arbo";"3,25"
"36003 Baiona";"3,15"
"36002 Barro";"1,15"
"36004 Bueu";"1,26"
"36005 Caldas de Reis";"2,97"
"36006 Cambados";"2,79"
"36007 Campo Lameiro, O";"0,81"
"36008 Cangas de Morrazo";"2,75"
"36009 Caniza, A";"2,92"
"36010 Catoira";"0,94"
"36011 Cerdedo";"-"
"36902 Cerdedo Cotobade";"2,19"
"36012 Cotobade";"-"
"36013 Covelo";"3,77"
"36014 Crecente";"3,55"
"36015 Cuntis";"1,85"
"36016 Dozón";"0,97"
"36017 Estrada, A";"2,51"
"36018 Forcarei";"1,65"
"36019 Fornelos de Montes";"2,21"
"36021 Gondomar";"1,83"
"36022 Grove, O";"3,70"
"36023 Guarda, A";"5,30"
"36901 Illa de Arousa, A";"0,86"
"36024 Lalín";"7,94"
"36025 Lama, A";"4,77"
"36026 Marín";"3,03"
"36027 Meaño";"2,44"
"36028 Meis";"1,67"
"36029 Moaña";"1,69"
"36030 Mondariz";"2,17"
"36031 Mondariz Balneario";"2,78"
"36032 Moraña";"1,68"
"36033 Mos";"3,41"
"36034 Neves, As";"2,06"
"36035 Nigrán";"3,26"
"36036 Oia";"3,12"
"36037 Pazos de Borbén";"1,20"
"36041 Poio";"3,05"
"36043 Ponte Caldelas";"2,49"
"36042 Ponteareas";"3,78"
"36044 Pontecesures";"1,72"
"36038 Pontevedra";"4,38"
"36039 Porriño, O";"5,16"
"36040 Portas";"1,40"
"36045 Redondela";"2,03"
"36046 Ribadumia";"3,08"
"36047 Rodeiro";"3,59"
"36048 Rosal, O";"3,12"
"36049 Salceda de Caselas";"4,15"
"36050 Salvaterra de Miño";"7,95"
"36051 Sanxenxo";"3,26"
"36052 Silleda";"6,16"
"36053 Soutomaior";"4,17"
"36054 Tomiño";"4,59"
"36055 Tui";"6,31"
"36056 Valga";"1,03"
"36057 Vigo";"5,58"
"36059 Vila de Cruces";"2,67"
"36058 Vilaboa";"2,46"
"36060 Vilagarcía de Arousa";"4,63"
"36061 Vilanova de Arousa";"2,58"
"";""
"Fonte: IGE. Indicadores migratorios";""
"Notas: A información procede ata o ano 2020 da explotación do Padrón Municipal de Habitantes, e a partir do ano 2021 da explotación do Censo de poboación";""
"(-) Non procede";""
"(24-04-2026)";""

"IGE - Instituto Galego de Estatística"