"Series históricas de poboación. Poboación para Galicia, provincias, comarcas e concellos";"";"";"";"";"";"";"";"";"";"";"";"";"";"";"";"";"";"";"";"";"";"";"";"";"";""
"";"";"";"";"";"";"";"";"";"";"";"";"";"";"";"";"";"";"";"";"";"";"";"";"";"";""
"Variables en filas: Espazo";"";"";"";"";"";"";"";"";"";"";"";"";"";"";"";"";"";"";"";"";"";"";"";"";"";""
"Variables en columnas: Tempo";"";"";"";"";"";"";"";"";"";"";"";"";"";"";"";"";"";"";"";"";"";"";"";"";"";""
"";"2000";"2001";"2002";"2003";"2004";"2005";"2006";"2007";"2008";"2009";"2010";"2011";"2012";"2013";"2014";"2015";"2016";"2017";"2018";"2019";"2020";"2021";"2022";"2023";"2024";"2025"
"15006 Arzúa";"6.886";"6.832";"6.776";"6.676";"6.632";"6.602";"6.532";"6.529";"6.484";"6.490";"6.409";"6.328";"6.315";"6.276";"6.261";"6.219";"6.211";"6.123";"6.053";"6.041";"6.011";"5.964";"5.918";"5.905";"5.892";"5.931"
"15010 Boimorto";"2.598";"2.582";"2.551";"2.500";"2.486";"2.461";"2.410";"2.370";"2.348";"2.288";"2.271";"2.211";"2.200";"2.154";"2.115";"2.125";"2.111";"2.040";"2.022";"1.985";"1.959";"1.943";"1.890";"1.847";"1.800";"1.804"
"15066 Pino, O";"4.934";"4.945";"5.016";"4.948";"4.940";"4.901";"4.885";"4.832";"4.782";"4.710";"4.718";"4.743";"4.732";"4.708";"4.680";"4.706";"4.653";"4.644";"4.656";"4.641";"4.652";"4.639";"4.576";"4.546";"4.578";"4.588"
"15085 Touro";"4.865";"4.825";"4.765";"4.699";"4.634";"4.532";"4.448";"4.353";"4.266";"4.230";"4.151";"4.082";"3.979";"3.919";"3.853";"3.778";"3.703";"3.693";"3.620";"3.574";"3.516";"3.495";"3.451";"3.389";"3.399";"3.339"
"15011 Boiro";"18.038";"18.074";"18.064";"18.241";"18.302";"18.469";"18.554";"18.547";"18.730";"18.883";"19.076";"19.106";"19.165";"19.144";"19.060";"18.950";"18.871";"18.885";"18.844";"18.838";"18.884";"18.955";"18.976";"18.950";"18.998";"18.958"
"15067 Pobra do Caramiñal, A";"9.955";"10.035";"10.006";"10.010";"9.992";"9.951";"10.001";"9.923";"9.934";"9.878";"9.858";"9.726";"9.664";"9.646";"9.672";"9.623";"9.525";"9.440";"9.390";"9.338";"9.318";"9.291";"9.290";"9.216";"9.181";"9.122"
"15072 Rianxo";"11.882";"11.780";"11.747";"11.629";"11.582";"11.528";"11.246";"11.554";"11.578";"11.769";"11.826";"11.780";"11.729";"11.598";"11.479";"11.386";"11.295";"11.188";"11.104";"11.033";"11.013";"11.004";"10.949";"10.864";"10.759";"10.755"
"15073 Ribeira";"26.478";"26.434";"26.343";"26.589";"26.623";"26.884";"27.053";"27.181";"27.430";"27.518";"27.504";"27.699";"27.778";"27.811";"27.565";"27.372";"27.249";"27.159";"27.067";"26.886";"26.848";"26.839";"26.897";"27.009";"27.030";"27.110"
"15007 Baña, A";"5.324";"5.230";"5.141";"5.036";"4.888";"4.802";"4.652";"4.673";"4.528";"4.415";"4.320";"4.102";"3.967";"3.849";"3.754";"3.698";"3.645";"3.541";"3.505";"3.450";"3.415";"3.389";"3.333";"3.337";"3.299";"3.239"
"15056 Negreira";"6.588";"6.570";"6.573";"6.529";"6.497";"6.519";"6.481";"6.453";"6.573";"6.941";"7.029";"7.077";"7.079";"7.091";"7.009";"6.936";"6.911";"6.883";"6.877";"6.827";"6.788";"6.775";"6.811";"6.903";"6.942";"6.963"
"15014 Cabana de Bergantiños";"5.733";"5.689";"5.592";"5.447";"5.354";"5.294";"5.199";"5.091";"5.045";"4.985";"4.909";"4.865";"4.759";"4.716";"4.623";"4.552";"4.446";"4.347";"4.337";"4.248";"4.216";"4.185";"4.195";"4.131";"4.099";"4.068"
"15019 Carballo";"28.271";"28.497";"28.527";"28.949";"29.521";"29.689";"29.985";"30.091";"30.653";"30.990";"31.149";"31.303";"31.358";"31.366";"31.288";"31.283";"31.256";"31.195";"31.261";"31.349";"31.429";"31.414";"31.432";"31.394";"31.573";"32.095"
"15029 Coristanco";"8.146";"8.098";"8.001";"7.860";"7.765";"7.646";"7.582";"7.528";"7.376";"7.285";"7.165";"7.102";"6.974";"6.875";"6.706";"6.551";"6.426";"6.313";"6.177";"6.074";"5.950";"5.878";"5.807";"5.778";"5.737";"5.708"
"15041 Laracha, A";"10.701";"10.666";"10.683";"10.782";"10.800";"10.806";"10.803";"10.871";"11.079";"11.171";"11.213";"11.337";"11.367";"11.375";"11.443";"11.402";"11.295";"11.281";"11.302";"11.347";"11.406";"11.521";"11.505";"11.525";"11.603";"11.773"
"15040 Laxe";"3.551";"3.575";"3.557";"3.544";"3.558";"3.539";"3.489";"3.453";"3.434";"3.413";"3.417";"3.366";"3.313";"3.267";"3.207";"3.185";"3.148";"3.090";"3.084";"3.016";"2.990";"3.004";"2.977";"2.944";"2.920";"2.881"
"15043 Malpica de Bergantiños";"7.262";"7.172";"7.070";"6.944";"6.890";"6.786";"6.567";"6.432";"6.320";"6.228";"6.178";"6.102";"5.998";"5.875";"5.768";"5.666";"5.616";"5.518";"5.447";"5.391";"5.352";"5.332";"5.296";"5.263";"5.283";"5.247"
"15068 Ponteceso";"7.155";"7.118";"7.019";"6.880";"6.810";"6.698";"6.588";"6.494";"6.381";"6.302";"6.215";"6.134";"6.065";"5.964";"5.893";"5.789";"5.703";"5.613";"5.565";"5.502";"5.497";"5.457";"5.429";"5.391";"5.303";"5.260"
"15003 Aranga";"2.423";"2.414";"2.379";"2.307";"2.274";"2.264";"2.230";"2.219";"2.181";"2.142";"2.126";"2.113";"2.072";"2.051";"2.033";"1.997";"1.982";"1.935";"1.894";"1.849";"1.834";"1.833";"1.837";"1.819";"1.799";"1.793"
"15009 Betanzos";"12.361";"12.423";"12.575";"12.822";"12.990";"13.059";"13.165";"13.328";"13.522";"13.680";"13.673";"13.537";"13.565";"13.445";"13.352";"13.202";"12.966";"12.941";"12.916";"12.959";"13.053";"13.030";"13.066";"13.056";"13.225";"13.508"
"15026 Cesuras";"2.646";"2.595";"2.555";"2.509";"2.463";"2.427";"2.391";"2.323";"2.274";"2.219";"2.209";"2.225";"2.174";"2.131";"-";"-";"-";"-";"-";"-";"-";"-";"-";"-";"-";"-"
"15027 Coirós";"1.552";"1.556";"1.577";"1.602";"1.650";"1.654";"1.654";"1.660";"1.713";"1.713";"1.722";"1.771";"1.765";"1.751";"1.747";"1.757";"1.789";"1.801";"1.824";"1.824";"1.853";"1.873";"1.913";"1.923";"1.931";"1.941"
"15032 Curtis";"4.468";"4.432";"4.451";"4.438";"4.421";"4.369";"4.287";"4.244";"4.245";"4.246";"4.228";"4.214";"4.159";"4.112";"4.048";"4.015";"3.980";"3.968";"3.958";"3.983";"4.053";"4.081";"4.104";"4.124";"4.164";"4.233"
"15039 Irixoa";"1.719";"1.722";"1.673";"1.632";"1.619";"1.579";"1.552";"1.562";"1.550";"1.526";"1.501";"1.502";"1.492";"1.442";"1.421";"1.389";"1.369";"1.361";"1.333";"1.334";"1.340";"1.340";"1.318";"1.316";"1.333";"1.338"
"15048 Miño";"4.870";"4.986";"5.044";"5.096";"5.089";"5.127";"5.162";"5.256";"5.326";"5.488";"5.628";"5.760";"5.739";"5.786";"5.838";"5.859";"5.832";"5.905";"6.056";"6.200";"6.277";"6.423";"6.624";"6.763";"6.942";"7.106"
"15063 Oza dos Ríos";"3.208";"3.219";"3.160";"3.125";"3.154";"3.163";"3.184";"3.203";"3.206";"3.202";"3.198";"3.229";"3.227";"3.204";"-";"-";"-";"-";"-";"-";"-";"-";"-";"-";"-";"-"
"15902 Oza Cesuras";"-";"-";"-";"-";"-";"-";"-";"-";"-";"-";"-";"-";"-";"-";"5.275";"5.253";"5.181";"5.133";"5.155";"5.101";"5.096";"5.170";"5.247";"5.199";"5.148";"5.152"
"15064 Paderne";"2.753";"2.758";"2.751";"2.680";"2.689";"2.715";"2.735";"2.710";"2.722";"2.672";"2.653";"2.628";"2.597";"2.534";"2.502";"2.467";"2.445";"2.441";"2.419";"2.394";"2.383";"2.393";"2.420";"2.437";"2.391";"2.460"
"15091 Vilarmaior";"1.417";"1.398";"1.388";"1.350";"1.362";"1.343";"1.326";"1.287";"1.289";"1.294";"1.277";"1.273";"1.261";"1.247";"1.236";"1.233";"1.260";"1.249";"1.231";"1.226";"1.209";"1.219";"1.245";"1.234";"1.252";"1.239"
"15090 Vilasantar";"1.678";"1.639";"1.622";"1.610";"1.574";"1.538";"1.496";"1.469";"1.432";"1.415";"1.406";"1.380";"1.368";"1.362";"1.316";"1.280";"1.275";"1.241";"1.225";"1.213";"1.211";"1.219";"1.239";"1.236";"1.232";"1.232"
"15001 Abegondo";"5.594";"5.694";"5.772";"5.761";"5.732";"5.756";"5.773";"5.808";"5.822";"5.798";"5.765";"5.709";"5.709";"5.664";"5.585";"5.586";"5.533";"5.467";"5.454";"5.406";"5.398";"5.494";"5.534";"5.581";"5.577";"5.631"
"15005 Arteixo";"22.153";"22.709";"23.560";"24.668";"25.295";"26.272";"26.739";"27.713";"28.961";"29.762";"30.255";"30.482";"30.725";"31.005";"30.857";"30.950";"31.239";"31.534";"31.917";"32.262";"32.738";"32.894";"33.076";"33.510";"34.008";"34.389"
"15008 Bergondo";"6.119";"6.179";"6.264";"6.391";"6.413";"6.495";"6.539";"6.540";"6.683";"6.696";"6.758";"6.722";"6.712";"6.738";"6.702";"6.700";"6.656";"6.623";"6.602";"6.633";"6.661";"6.817";"6.892";"6.945";"6.977";"7.121"
"15017 Cambre";"17.805";"18.691";"19.504";"20.297";"20.919";"21.523";"22.092";"22.513";"22.900";"23.231";"23.621";"23.649";"23.879";"23.999";"24.029";"24.076";"24.141";"24.348";"24.603";"24.648";"24.594";"24.616";"24.505";"24.751";"24.784";"24.771"
"15021 Carral";"5.275";"5.282";"5.290";"5.373";"5.453";"5.527";"5.579";"5.647";"5.672";"5.770";"5.945";"6.064";"6.130";"6.123";"6.118";"6.180";"6.172";"6.237";"6.294";"6.408";"6.473";"6.574";"6.649";"6.704";"6.775";"6.836"
"15030 Coruña, A";"241.769";"239.434";"242.458";"243.902";"242.846";"243.349";"243.320";"244.388";"245.164";"246.056";"246.047";"246.028";"246.146";"245.923";"244.810";"243.870";"243.978";"244.099";"244.850";"245.711";"247.604";"245.468";"244.700";"247.350";"249.255";"251.277"
"15031 Culleredo";"20.890";"22.076";"22.745";"23.851";"24.640";"25.650";"26.547";"26.707";"27.670";"28.227";"28.737";"29.207";"29.416";"29.415";"29.434";"29.593";"29.638";"29.982";"30.221";"30.402";"30.685";"30.758";"30.790";"30.863";"31.047";"31.232"
"15058 Oleiros";"26.016";"26.886";"27.453";"28.643";"29.671";"30.467";"31.264";"31.694";"32.381";"33.443";"33.550";"34.133";"34.386";"34.470";"34.563";"34.693";"35.013";"35.198";"35.559";"36.075";"36.534";"36.922";"37.271";"37.831";"38.304";"38.750"
"15075 Sada";"11.015";"11.351";"11.686";"11.963";"12.453";"12.867";"13.134";"13.606";"14.036";"14.487";"14.734";"14.870";"14.922";"15.075";"15.156";"15.080";"15.150";"15.242";"15.495";"15.841";"16.186";"16.382";"16.627";"16.895";"17.193";"17.469"
"15015 Cabanas";"3.262";"3.292";"3.334";"3.330";"3.368";"3.368";"3.343";"3.272";"3.287";"3.336";"3.375";"3.346";"3.299";"3.287";"3.294";"3.299";"3.259";"3.314";"3.318";"3.281";"3.274";"3.359";"3.340";"3.317";"3.297";"3.273"
"15018 Capela, A";"1.595";"1.559";"1.534";"1.520";"1.526";"1.514";"1.487";"1.471";"1.439";"1.417";"1.399";"1.386";"1.376";"1.366";"1.356";"1.334";"1.318";"1.274";"1.238";"1.232";"1.221";"1.242";"1.225";"1.187";"1.180";"1.164"
"15050 Monfero";"2.695";"2.639";"2.595";"2.552";"2.490";"2.444";"2.414";"2.400";"2.353";"2.299";"2.239";"2.178";"2.129";"2.109";"2.089";"2.037";"2.019";"1.985";"1.962";"1.932";"1.907";"1.908";"1.865";"1.842";"1.814";"1.814"
"15069 Pontedeume";"8.936";"8.912";"8.860";"8.746";"8.694";"8.663";"8.619";"8.635";"8.561";"8.457";"8.370";"8.342";"8.324";"8.213";"8.117";"8.011";"8.005";"7.937";"7.884";"7.777";"7.753";"7.687";"7.563";"7.526";"7.455";"7.428"
"15070 Pontes de García Rodríguez, As";"12.488";"12.440";"12.367";"12.108";"11.911";"11.771";"11.697";"11.531";"11.384";"11.431";"11.336";"11.139";"10.996";"10.564";"10.634";"10.503";"10.399";"10.324";"10.237";"10.138";"10.068";"10.032";"9.974";"9.868";"9.777";"9.787"
"15004 Ares";"4.744";"4.918";"4.976";"5.188";"5.265";"5.301";"5.405";"5.598";"5.682";"5.673";"5.705";"5.801";"5.839";"5.801";"5.741";"5.743";"5.672";"5.658";"5.671";"5.732";"5.829";"5.997";"6.033";"6.127";"6.160";"6.263"
"15022 Cedeira";"7.528";"7.595";"7.572";"7.498";"7.477";"7.429";"7.443";"7.482";"7.511";"7.465";"7.412";"7.338";"7.254";"7.246";"7.147";"7.062";"6.997";"6.888";"6.794";"6.640";"6.676";"6.650";"6.626";"6.548";"6.545";"6.573"
"15035 Fene";"14.848";"14.690";"14.638";"14.530";"14.485";"14.355";"14.346";"14.222";"14.169";"14.165";"14.092";"13.902";"13.780";"13.639";"13.498";"13.385";"13.250";"13.110";"13.013";"12.944";"12.868";"12.832";"12.702";"12.561";"12.529";"12.462"
"15036 Ferrol";"81.255";"80.347";"79.520";"78.764";"77.859";"77.155";"76.399";"75.181";"74.696";"74.273";"73.638";"72.963";"71.997";"71.232";"70.389";"69.452";"68.308";"67.569";"66.799";"66.065";"65.560";"64.785";"64.158";"64.005";"64.358";"64.903"
"15049 Moeche";"1.561";"1.536";"1.490";"1.478";"1.461";"1.469";"1.437";"1.441";"1.435";"1.416";"1.401";"1.363";"1.358";"1.335";"1.303";"1.246";"1.220";"1.230";"1.226";"1.226";"1.186";"1.200";"1.191";"1.208";"1.202";"1.203"
"15051 Mugardos";"5.984";"5.921";"5.859";"5.737";"5.612";"5.628";"5.638";"5.636";"5.605";"5.565";"5.536";"5.481";"5.456";"5.470";"5.417";"5.362";"5.335";"5.303";"5.307";"5.245";"5.215";"5.226";"5.246";"5.237";"5.188";"5.199"
"15054 Narón";"30.328";"29.466";"29.263";"33.825";"34.404";"35.083";"35.664";"36.245";"37.008";"37.712";"38.285";"38.910";"39.238";"39.450";"39.574";"39.565";"39.426";"39.280";"39.115";"39.080";"39.056";"38.913";"38.938";"39.070";"39.320";"39.890"
"15055 Neda";"6.166";"6.155";"6.074";"5.913";"5.804";"5.771";"5.675";"5.649";"5.553";"5.528";"5.489";"5.442";"5.422";"5.413";"5.327";"5.261";"5.197";"5.165";"5.112";"5.079";"5.023";"5.032";"4.972";"4.918";"4.876";"4.919"
"15076 San Sadurniño";"3.431";"3.389";"3.337";"3.272";"3.229";"3.179";"3.182";"3.123";"3.125";"3.119";"3.098";"3.099";"3.061";"3.020";"3.019";"3.009";"2.944";"2.877";"2.828";"2.822";"2.784";"2.812";"2.792";"2.761";"2.743";"2.739"
"15081 Somozas, As";"1.473";"1.449";"1.403";"1.407";"1.403";"1.411";"1.392";"1.374";"1.388";"1.382";"1.342";"1.306";"1.279";"1.249";"1.211";"1.191";"1.160";"1.128";"1.103";"1.098";"1.083";"1.076";"1.073";"1.061";"1.070";"1.045"
"15087 Valdoviño";"6.790";"6.795";"6.837";"6.877";"6.854";"6.888";"6.896";"6.978";"6.986";"6.978";"6.982";"6.926";"6.857";"6.811";"6.796";"6.753";"6.650";"6.594";"6.613";"6.563";"6.542";"6.872";"6.924";"6.893";"6.859";"6.805"
"15023 Cee";"7.364";"7.320";"7.239";"7.308";"7.344";"7.467";"7.489";"7.555";"7.691";"7.712";"7.818";"7.898";"7.855";"7.808";"7.760";"7.723";"7.631";"7.539";"7.576";"7.546";"7.550";"7.568";"7.573";"7.648";"7.733";"7.731"
"15028 Corcubión";"1.945";"2.001";"2.002";"1.997";"1.964";"1.927";"1.912";"1.887";"1.822";"1.815";"1.803";"1.767";"1.731";"1.654";"1.672";"1.655";"1.606";"1.592";"1.578";"1.589";"1.590";"1.606";"1.670";"1.655";"1.683";"1.656"
"15034 Dumbría";"4.529";"4.488";"4.428";"4.307";"4.166";"4.067";"3.970";"3.890";"3.820";"3.751";"3.705";"3.652";"3.291";"3.216";"3.137";"3.077";"3.085";"3.053";"3.040";"2.983";"2.935";"2.927";"2.909";"2.888";"2.803";"2.718"
"15037 Fisterra";"5.224";"5.175";"5.132";"5.141";"5.093";"5.042";"5.009";"4.971";"4.959";"5.005";"4.995";"4.983";"4.990";"4.907";"4.824";"4.775";"4.737";"4.734";"4.701";"4.708";"4.697";"4.714";"4.726";"4.717";"4.728";"4.690"
"15052 Muxía";"6.213";"6.191";"6.103";"6.029";"5.899";"5.823";"5.746";"5.663";"5.579";"5.510";"5.423";"5.377";"5.269";"5.162";"5.068";"5.025";"4.941";"4.852";"4.736";"4.657";"4.596";"4.564";"4.486";"4.447";"4.381";"4.326"
"15020 Carnota";"5.645";"5.593";"5.510";"5.421";"5.285";"5.244";"5.112";"5.017";"4.958";"4.938";"4.904";"4.834";"4.605";"4.504";"4.376";"4.284";"4.170";"4.060";"4.031";"3.957";"3.899";"3.854";"3.845";"3.832";"3.809";"3.777"
"15053 Muros";"10.519";"10.378";"10.272";"10.095";"10.050";"9.995";"9.999";"9.931";"9.823";"9.787";"9.704";"9.565";"9.437";"9.281";"9.117";"8.960";"8.834";"8.792";"8.695";"8.556";"8.427";"8.399";"8.365";"8.246";"8.176";"8.171"
"15042 Lousame";"4.199";"4.117";"4.035";"3.957";"3.912";"3.854";"3.798";"3.756";"3.702";"3.687";"3.699";"3.657";"3.621";"3.493";"3.513";"3.463";"3.429";"3.447";"3.386";"3.338";"3.268";"3.235";"3.210";"3.163";"3.114";"3.060"
"15057 Noia";"14.404";"14.410";"14.391";"14.586";"14.481";"14.637";"14.702";"14.808";"14.875";"14.970";"14.947";"14.876";"14.757";"14.659";"14.571";"14.472";"14.337";"14.295";"14.271";"14.263";"14.274";"14.240";"14.140";"14.107";"14.069";"14.108"
"15062 Outes";"8.634";"8.553";"8.398";"8.243";"8.050";"7.889";"7.751";"7.681";"7.547";"7.425";"7.313";"7.243";"7.192";"7.010";"6.804";"6.691";"6.606";"6.514";"6.412";"6.282";"6.155";"6.150";"6.108";"6.087";"6.055";"5.993"
"15071 Porto do Son, O";"10.298";"10.212";"10.085";"10.134";"10.039";"9.990";"10.025";"9.899";"9.845";"9.867";"9.873";"9.847";"9.699";"9.613";"9.571";"9.436";"9.386";"9.271";"9.243";"9.171";"9.142";"9.155";"9.153";"9.149";"9.080";"9.059"
"15024 Cerceda";"5.573";"5.503";"5.492";"5.471";"5.499";"5.500";"5.483";"5.587";"5.597";"5.570";"5.486";"5.392";"5.318";"5.265";"5.156";"5.076";"5.031";"4.992";"5.023";"5.001";"5.008";"4.996";"5.019";"5.050";"5.072";"5.113"
"15038 Frades";"3.083";"3.055";"3.019";"2.975";"2.920";"2.871";"2.841";"2.817";"2.732";"2.706";"2.648";"2.607";"2.566";"2.509";"2.485";"2.460";"2.428";"2.422";"2.385";"2.339";"2.302";"2.306";"2.273";"2.255";"2.187";"2.146"
"15047 Mesía";"3.409";"3.356";"3.304";"3.240";"3.216";"3.174";"3.102";"3.080";"3.033";"2.975";"2.918";"2.922";"2.879";"2.849";"2.795";"2.734";"2.700";"2.637";"2.582";"2.530";"2.497";"2.479";"2.457";"2.417";"2.377";"2.366"
"15059 Ordes";"11.942";"11.938";"12.015";"12.266";"12.287";"12.272";"12.294";"12.359";"12.534";"12.757";"12.868";"12.948";"12.963";"12.939";"12.844";"12.776";"12.669";"12.580";"12.632";"12.674";"12.625";"12.605";"12.589";"12.663";"12.762";"12.970"
"15060 Oroso";"5.236";"5.512";"5.648";"5.933";"6.155";"6.345";"6.526";"6.554";"6.804";"6.987";"7.050";"7.174";"7.328";"7.431";"7.400";"7.413";"7.420";"7.452";"7.452";"7.500";"7.533";"7.530";"7.572";"7.620";"7.732";"7.770"
"15084 Tordoia";"5.100";"5.029";"4.945";"4.841";"4.713";"4.617";"4.548";"4.467";"4.399";"4.339";"4.268";"4.168";"3.924";"3.817";"3.706";"3.591";"3.522";"3.433";"3.361";"3.299";"3.259";"3.228";"3.192";"3.193";"3.199";"3.153"
"15086 Trazo";"3.818";"3.800";"3.766";"3.728";"3.652";"3.617";"3.557";"3.548";"3.509";"3.498";"3.496";"3.472";"3.433";"3.343";"3.301";"3.263";"3.190";"3.186";"3.148";"3.113";"3.013";"3.059";"3.034";"3.025";"2.993";"2.997"
"15901 Cariño";"5.036";"4.967";"4.861";"4.812";"4.798";"4.788";"4.700";"4.680";"4.617";"4.590";"4.530";"4.474";"4.373";"4.337";"4.241";"4.167";"4.072";"4.004";"3.945";"3.838";"3.775";"3.763";"3.699";"3.763";"3.692";"3.651"
"15025 Cerdido";"1.668";"1.638";"1.619";"1.589";"1.558";"1.522";"1.496";"1.439";"1.384";"1.359";"1.361";"1.328";"1.312";"1.258";"1.249";"1.233";"1.191";"1.170";"1.126";"1.113";"1.087";"1.075";"1.060";"1.032";"1.003";"1.007"
"15044 Mañón";"1.932";"1.921";"1.898";"1.848";"1.830";"1.803";"1.765";"1.693";"1.628";"1.622";"1.602";"1.589";"1.537";"1.507";"1.455";"1.454";"1.420";"1.391";"1.363";"1.356";"1.319";"1.309";"1.287";"1.242";"1.223";"1.215"
"15061 Ortigueira";"8.533";"8.397";"8.299";"8.022";"7.830";"7.697";"7.376";"7.406";"7.311";"7.150";"6.871";"6.956";"6.550";"6.064";"5.997";"6.136";"6.093";"5.966";"5.804";"5.671";"5.633";"5.485";"5.420";"5.579";"5.448";"5.424"
"15002 Ames";"16.549";"17.737";"18.788";"20.016";"20.840";"22.228";"23.219";"24.553";"25.818";"26.983";"27.900";"28.852";"29.331";"29.689";"29.975";"30.267";"30.544";"30.835";"31.278";"31.793";"32.104";"31.993";"32.095";"32.478";"32.799";"33.213"
"15012 Boqueixón";"4.291";"4.266";"4.261";"4.263";"4.337";"4.378";"4.406";"4.437";"4.445";"4.462";"4.444";"4.430";"4.417";"4.370";"4.342";"4.321";"4.291";"4.242";"4.215";"4.220";"4.206";"4.186";"4.188";"4.156";"4.210";"4.241"
"15013 Brión";"6.239";"6.292";"6.437";"6.576";"6.684";"6.849";"6.972";"7.087";"7.104";"7.205";"7.347";"7.462";"7.369";"7.435";"7.519";"7.564";"7.590";"7.699";"7.748";"7.837";"7.923";"7.957";"8.069";"8.143";"8.178";"8.190"
"15078 Santiago de Compostela";"93.903";"93.381";"93.273";"92.339";"92.298";"92.919";"93.458";"93.712";"94.339";"95.092";"94.824";"95.207";"95.671";"96.041";"95.800";"95.612";"95.966";"96.456";"96.405";"97.260";"97.848";"97.858";"98.179";"98.716";"99.491";"100.842"
"15082 Teo";"14.447";"14.894";"15.331";"16.028";"16.428";"16.809";"17.168";"17.441";"17.625";"17.807";"17.940";"18.266";"18.454";"17.942";"18.254";"18.505";"18.510";"18.478";"18.525";"18.579";"18.632";"18.778";"18.918";"19.104";"19.133";"19.038"
"15088 Val do Dubra";"4.892";"4.874";"4.802";"4.720";"4.642";"4.605";"4.580";"4.515";"4.481";"4.423";"4.386";"4.313";"4.234";"4.136";"4.120";"4.033";"3.974";"3.931";"3.925";"3.876";"3.851";"3.816";"3.783";"3.770";"3.751";"3.685"
"15089 Vedra";"5.083";"5.111";"5.054";"5.037";"5.057";"5.054";"5.052";"5.088";"5.063";"5.059";"5.052";"5.046";"5.043";"5.008";"5.073";"5.059";"5.012";"5.051";"5.046";"5.036";"5.007";"5.032";"5.005";"5.019";"4.939";"4.906"
"15033 Dodro";"3.280";"3.243";"3.213";"3.209";"3.162";"3.122";"3.087";"3.053";"3.024";"3.029";"3.017";"2.980";"2.977";"2.934";"2.913";"2.882";"2.853";"2.832";"2.791";"2.768";"2.750";"2.710";"2.675";"2.664";"2.626";"2.604"
"15065 Padrón";"9.260";"9.295";"9.242";"9.136";"9.070";"9.035";"9.016";"9.030";"9.016";"8.968";"8.985";"8.924";"8.882";"8.707";"8.693";"8.643";"8.581";"8.463";"8.386";"8.384";"8.366";"8.317";"8.349";"8.368";"8.292";"8.324"
"15074 Rois";"5.216";"5.180";"5.123";"5.137";"5.122";"5.149";"5.105";"5.034";"5.012";"4.995";"4.936";"4.910";"4.871";"4.818";"4.767";"4.710";"4.657";"4.627";"4.564";"4.512";"4.505";"4.493";"4.445";"4.395";"4.392";"4.355"
"15046 Melide";"8.441";"8.462";"8.383";"8.345";"7.809";"7.866";"7.931";"7.916";"7.901";"7.874";"7.838";"7.824";"7.502";"7.313";"7.578";"7.538";"7.488";"7.503";"7.443";"7.406";"7.419";"7.427";"7.438";"7.563";"7.750";"7.840"
"15079 Santiso";"2.282";"2.262";"2.286";"2.249";"2.212";"2.160";"2.116";"2.102";"2.035";"1.980";"1.930";"1.883";"1.838";"1.785";"1.742";"1.709";"1.672";"1.630";"1.610";"1.584";"1.544";"1.529";"1.509";"1.472";"1.454";"1.430"
"15080 Sobrado";"2.518";"2.468";"2.434";"2.400";"2.360";"2.316";"2.289";"2.244";"2.208";"2.168";"2.139";"2.087";"2.037";"2.016";"1.965";"1.911";"1.882";"1.847";"1.799";"1.758";"1.730";"1.778";"1.767";"1.771";"1.755";"1.822"
"15083 Toques";"1.626";"1.628";"1.573";"1.550";"1.530";"1.512";"1.485";"1.447";"1.416";"1.405";"1.387";"1.343";"1.302";"1.265";"1.248";"1.213";"1.196";"1.173";"1.151";"1.124";"1.107";"1.101";"1.089";"1.075";"1.072";"1.061"
"15016 Camariñas";"6.813";"6.747";"6.620";"6.597";"6.502";"6.467";"6.323";"6.275";"6.207";"6.224";"6.226";"6.168";"6.082";"5.874";"5.774";"5.577";"5.486";"5.419";"5.322";"5.272";"5.209";"5.224";"5.188";"5.154";"5.094";"5.067"
"15092 Vimianzo";"8.766";"8.787";"8.686";"8.653";"8.517";"8.466";"8.402";"8.364";"8.300";"8.204";"8.128";"8.039";"7.977";"7.849";"7.710";"7.520";"7.378";"7.270";"7.138";"7.057";"6.963";"6.925";"6.851";"6.824";"6.799";"6.754"
"15093 Zas";"6.212";"6.160";"6.082";"5.978";"5.867";"5.780";"5.674";"5.549";"5.459";"5.385";"5.295";"5.219";"5.109";"4.983";"4.902";"4.846";"4.756";"4.671";"4.581";"4.472";"4.393";"4.384";"4.308";"4.307";"4.262";"4.197"
"15045 Mazaricos";"6.185";"6.072";"5.948";"5.787";"5.639";"5.488";"5.329";"5.179";"5.050";"4.939";"4.854";"4.720";"4.533";"4.141";"4.289";"4.173";"4.087";"4.014";"3.947";"3.885";"3.841";"3.806";"3.761";"3.752";"3.731";"3.730"
"15077 Santa Comba";"10.930";"10.920";"10.892";"10.823";"10.704";"10.683";"10.647";"10.588";"10.577";"10.487";"10.408";"10.241";"10.101";"9.913";"9.719";"9.635";"9.556";"9.477";"9.450";"9.426";"9.362";"9.359";"9.365";"9.317";"9.296";"9.437"
"27901 Baralla";"3.344";"3.342";"3.279";"3.242";"3.193";"3.134";"3.100";"3.034";"2.998";"2.955";"2.916";"2.889";"2.834";"2.798";"2.774";"2.724";"2.660";"2.630";"2.566";"2.556";"2.482";"2.445";"2.436";"2.500";"2.472";"2.410"
"27006 Becerreá";"3.732";"3.639";"3.532";"3.442";"3.424";"3.389";"3.334";"3.264";"3.276";"3.250";"3.181";"3.121";"3.072";"3.048";"3.012";"2.987";"2.921";"2.856";"2.827";"2.818";"2.807";"2.826";"2.755";"2.705";"2.694";"2.828"
"27012 Cervantes";"2.243";"2.185";"2.135";"2.080";"2.031";"1.973";"1.914";"1.844";"1.780";"1.731";"1.695";"1.643";"1.593";"1.563";"1.528";"1.487";"1.458";"1.423";"1.377";"1.338";"1.294";"1.288";"1.250";"1.210";"1.186";"1.142"
"27034 Navia de Suarna";"1.974";"1.916";"1.869";"1.807";"1.732";"1.680";"1.615";"1.552";"1.490";"1.441";"1.421";"1.390";"1.337";"1.299";"1.254";"1.211";"1.186";"1.140";"1.103";"1.081";"1.063";"1.041";"997";"987";"978";"969"
"27037 Nogais, As";"1.596";"1.571";"1.547";"1.520";"1.501";"1.477";"1.441";"1.421";"1.409";"1.381";"1.361";"1.341";"1.295";"1.270";"1.228";"1.191";"1.161";"1.146";"1.114";"1.079";"1.047";"1.018";"991";"957";"941";"913"
"27045 Pedrafita do Cebreiro";"1.630";"1.585";"1.562";"1.517";"1.486";"1.456";"1.414";"1.368";"1.336";"1.298";"1.263";"1.228";"1.199";"1.175";"1.155";"1.119";"1.088";"1.070";"1.032";"1.001";"969";"943";"936";"911";"900";"869"
"27009 Carballedo";"3.238";"3.173";"3.121";"3.061";"3.055";"3.010";"2.929";"2.886";"2.799";"2.752";"2.664";"2.593";"2.532";"2.465";"2.401";"2.351";"2.280";"2.266";"2.235";"2.193";"2.139";"2.123";"2.065";"2.074";"2.042";"1.985"
"27016 Chantada";"9.823";"9.765";"9.695";"9.650";"9.463";"9.366";"9.249";"9.150";"9.086";"9.014";"8.951";"8.897";"8.783";"8.649";"8.553";"8.493";"8.431";"8.371";"8.324";"8.192";"8.157";"8.134";"8.083";"8.002";"8.078";"8.149"
"27060 Taboada";"4.227";"4.180";"4.077";"3.948";"3.872";"3.768";"3.614";"3.537";"3.478";"3.464";"3.404";"3.345";"3.221";"3.173";"3.101";"3.032";"2.928";"2.862";"2.830";"2.756";"2.716";"2.689";"2.646";"2.652";"2.601";"2.614"
"27004 Baleira";"1.923";"1.888";"1.845";"1.800";"1.778";"1.729";"1.684";"1.658";"1.641";"1.584";"1.533";"1.510";"1.448";"1.420";"1.392";"1.380";"1.333";"1.296";"1.268";"1.241";"1.226";"1.190";"1.158";"1.156";"1.124";"1.096"
"27018 Fonsagrada, A";"5.448";"5.334";"5.146";"4.993";"5.007";"4.949";"4.856";"4.748";"4.638";"4.520";"4.412";"4.309";"4.198";"4.059";"3.960";"3.838";"3.768";"3.670";"3.589";"3.465";"3.389";"3.328";"3.265";"3.206";"3.138";"3.082"
"27035 Negueira de Muñiz";"261";"239";"233";"237";"235";"230";"213";"222";"221";"210";"207";"224";"213";"217";"211";"214";"215";"219";"218";"215";"215";"223";"228";"240";"240";"237"
"27011 Castroverde";"3.532";"3.488";"3.418";"3.372";"3.286";"3.236";"3.187";"3.148";"3.110";"3.061";"3.012";"2.933";"2.887";"2.840";"2.823";"2.802";"2.726";"2.676";"2.675";"2.617";"2.595";"2.609";"2.592";"2.546";"2.495";"2.476"
"27014 Corgo, O";"4.266";"4.243";"4.224";"4.183";"4.264";"4.236";"4.192";"4.095";"4.046";"3.993";"3.938";"3.882";"3.828";"3.761";"3.695";"3.646";"3.581";"3.523";"3.487";"3.481";"3.422";"3.440";"3.429";"3.411";"3.379";"3.368"
"27020 Friol";"4.837";"4.784";"4.729";"4.646";"4.580";"4.533";"4.490";"4.504";"4.430";"4.348";"4.246";"4.202";"4.137";"4.071";"4.004";"3.942";"3.894";"3.842";"3.772";"3.744";"3.664";"3.682";"3.627";"3.613";"3.600";"3.619"
"27023 Guntín";"3.554";"3.495";"3.453";"3.356";"3.329";"3.307";"3.248";"3.213";"3.187";"3.129";"3.075";"3.050";"3.018";"2.980";"2.927";"2.881";"2.833";"2.780";"2.718";"2.690";"2.628";"2.638";"2.627";"2.556";"2.536";"2.506"
"27028 Lugo";"88.235";"88.901";"89.509";"91.158";"91.426";"92.271";"93.450";"93.853";"95.416";"96.678";"97.635";"98.007";"98.457";"98.761";"98.560";"98.134";"98.268";"97.995";"98.025";"98.276";"98.519";"97.613";"97.211";"98.189";"99.365";"100.071"
"27039 Outeiro de Rei";"4.256";"4.320";"4.333";"4.428";"4.528";"4.645";"4.695";"4.979";"4.886";"4.852";"4.936";"5.004";"5.046";"5.098";"5.083";"5.068";"5.043";"5.063";"5.093";"5.151";"5.210";"5.216";"5.296";"5.364";"5.367";"5.431"
"27049 Portomarín";"2.099";"2.063";"2.035";"1.996";"1.991";"1.918";"1.910";"1.898";"1.838";"1.796";"1.763";"1.737";"1.690";"1.654";"1.624";"1.557";"1.528";"1.508";"1.487";"1.471";"1.412";"1.382";"1.352";"1.359";"1.310";"1.296"
"27056 Rábade";"1.607";"1.601";"1.583";"1.626";"1.630";"1.668";"1.668";"1.699";"1.718";"1.711";"1.723";"1.733";"1.674";"1.637";"1.604";"1.549";"1.521";"1.519";"1.501";"1.501";"1.505";"1.524";"1.503";"1.497";"1.494";"1.509"
"27002 Alfoz do Castrodouro";"2.462";"2.421";"2.398";"2.348";"2.312";"2.266";"2.216";"2.159";"2.133";"2.107";"2.078";"2.059";"2.009";"1.946";"1.903";"1.846";"1.818";"1.782";"1.757";"1.688";"1.659";"1.610";"1.585";"1.553";"1.523";"1.493"
"27902 Burela";"8.045";"8.105";"8.176";"8.380";"8.348";"8.621";"8.755";"8.873";"9.171";"9.381";"9.536";"9.575";"9.631";"9.672";"9.660";"9.580";"9.552";"9.524";"9.566";"9.588";"9.498";"9.428";"9.430";"9.451";"9.555";"9.658"
"27019 Foz";"9.558";"9.659";"9.612";"9.591";"9.619";"9.664";"9.754";"9.841";"9.880";"9.970";"9.990";"9.968";"9.978";"9.966";"9.899";"9.891";"9.908";"9.931";"10.002";"9.980";"10.016";"10.078";"10.118";"10.198";"10.276";"10.415"
"27027 Lourenzá";"2.849";"2.823";"2.779";"2.730";"2.700";"2.677";"2.629";"2.620";"2.569";"2.542";"2.506";"2.449";"2.399";"2.348";"2.338";"2.301";"2.259";"2.224";"2.181";"2.140";"2.139";"2.129";"2.115";"2.107";"2.093";"2.082"
"27030 Mondoñedo";"5.135";"5.051";"4.987";"4.909";"4.904";"4.863";"4.770";"4.701";"4.603";"4.508";"4.406";"4.299";"4.183";"4.074";"3.991";"3.876";"3.820";"3.722";"3.639";"3.568";"3.539";"3.480";"3.503";"3.437";"3.353";"3.301"
"27063 Valadouro, O";"2.445";"2.398";"2.371";"2.328";"2.305";"2.268";"2.233";"2.227";"2.210";"2.209";"2.185";"2.180";"2.123";"2.100";"2.069";"2.048";"2.016";"2.002";"2.004";"1.991";"1.978";"1.960";"1.938";"1.896";"1.918";"1.868"
"27013 Cervo";"5.082";"5.056";"5.016";"5.060";"4.978";"4.949";"4.847";"4.776";"4.724";"4.685";"4.595";"4.562";"4.483";"4.430";"4.369";"4.336";"4.295";"4.274";"4.227";"4.227";"4.218";"4.192";"4.192";"4.195";"4.182";"4.130"
"27038 Ourol";"1.577";"1.536";"1.465";"1.407";"1.365";"1.324";"1.301";"1.273";"1.259";"1.216";"1.175";"1.152";"1.142";"1.123";"1.090";"1.055";"1.034";"1.016";"1.018";"1.018";"995";"984";"999";"982";"985";"965"
"27064 Vicedo, O";"2.392";"2.341";"2.303";"2.228";"2.181";"2.146";"2.090";"2.086";"2.070";"2.011";"1.973";"1.921";"1.895";"1.898";"1.882";"1.820";"1.802";"1.747";"1.723";"1.675";"1.656";"1.657";"1.665";"1.613";"1.590";"1.556"
"27066 Viveiro";"15.456";"15.455";"15.444";"15.379";"15.389";"15.505";"15.576";"15.706";"16.052";"16.238";"16.211";"16.107";"16.108";"16.016";"15.932";"15.735";"15.615";"15.550";"15.510";"15.466";"15.391";"15.312";"15.231";"15.211";"15.239";"15.091"
"27025 Xove";"3.629";"3.632";"3.625";"3.574";"3.603";"3.636";"3.614";"3.602";"3.555";"3.518";"3.500";"3.496";"3.512";"3.497";"3.456";"3.424";"3.376";"3.342";"3.314";"3.273";"3.277";"3.360";"3.352";"3.323";"3.298";"3.254"
"27005 Barreiros";"3.446";"3.370";"3.357";"3.323";"3.278";"3.294";"3.291";"3.246";"3.252";"3.244";"3.203";"3.166";"3.124";"3.061";"2.994";"3.021";"2.970";"2.948";"2.941";"2.934";"2.925";"3.001";"3.020";"3.025";"3.025";"3.038"
"27048 Pontenova, A";"3.389";"3.358";"3.261";"3.199";"3.125";"3.063";"3.016";"2.971";"2.918";"2.892";"2.785";"2.732";"2.673";"2.610";"2.534";"2.470";"2.402";"2.330";"2.283";"2.264";"2.201";"2.207";"2.191";"2.135";"2.118";"2.100"
"27051 Ribadeo";"9.034";"9.110";"9.163";"9.186";"9.270";"9.407";"9.619";"9.704";"9.854";"9.983";"9.988";"10.023";"10.061";"9.994";"10.010";"9.929";"9.972";"9.962";"9.900";"9.854";"9.860";"9.871";"9.811";"9.862";"9.971";"9.996"
"27061 Trabada";"1.686";"1.641";"1.616";"1.579";"1.552";"1.504";"1.479";"1.451";"1.436";"1.392";"1.346";"1.310";"1.268";"1.228";"1.203";"1.178";"1.133";"1.117";"1.121";"1.118";"1.127";"1.114";"1.107";"1.111";"1.085";"1.069"
"27029 Meira";"1.852";"1.834";"1.816";"1.806";"1.789";"1.780";"1.774";"1.794";"1.822";"1.800";"1.787";"1.780";"1.775";"1.769";"1.731";"1.749";"1.747";"1.726";"1.711";"1.725";"1.748";"1.731";"1.742";"1.755";"1.754";"1.768"
"27046 Pol";"2.177";"2.126";"2.072";"2.022";"1.999";"1.980";"1.945";"1.913";"1.870";"1.865";"1.797";"1.798";"1.794";"1.757";"1.738";"1.732";"1.696";"1.663";"1.616";"1.609";"1.623";"1.634";"1.612";"1.580";"1.542";"1.546"
"27053 Ribeira de Piquín, A";"886";"872";"842";"827";"810";"785";"771";"742";"723";"687";"664";"654";"630";"609";"583";"580";"570";"554";"543";"528";"513";"513";"500";"492";"491";"546"
"27054 Riotorto";"1.920";"1.874";"1.830";"1.762";"1.726";"1.669";"1.634";"1.583";"1.559";"1.522";"1.500";"1.466";"1.439";"1.417";"1.395";"1.364";"1.322";"1.288";"1.255";"1.262";"1.235";"1.213";"1.187";"1.201";"1.177";"1.181"
"27017 Folgoso do Courel";"1.593";"1.549";"1.510";"1.448";"1.397";"1.346";"1.310";"1.284";"1.274";"1.233";"1.196";"1.211";"1.160";"1.136";"1.106";"1.089";"1.060";"1.025";"1.018";"1.024";"1.007";"989";"985";"1.005";"979";"924"
"27050 Quiroga";"4.342";"4.255";"4.209";"4.124";"4.129";"4.144";"4.035";"3.939";"3.894";"3.829";"3.766";"3.711";"3.595";"3.552";"3.501";"3.424";"3.354";"3.328";"3.257";"3.207";"3.169";"3.151";"3.125";"3.096";"3.055";"3.035"
"27052 Ribas de Sil";"1.463";"1.441";"1.406";"1.410";"1.335";"1.310";"1.245";"1.218";"1.169";"1.144";"1.135";"1.098";"1.058";"1.033";"1.011";"1.001";"992";"980";"970";"947";"931";"946";"937";"920";"908";"895"
"27024 Incio, O";"2.540";"2.503";"2.455";"2.406";"2.358";"2.297";"2.236";"2.185";"2.113";"2.087";"2.016";"1.956";"1.875";"1.822";"1.797";"1.777";"1.740";"1.667";"1.609";"1.570";"1.533";"1.521";"1.536";"1.534";"1.512";"1.511"
"27026 Láncara";"3.331";"3.260";"3.235";"3.146";"3.136";"3.091";"3.047";"3.083";"3.041";"2.992";"2.930";"2.908";"2.866";"2.839";"2.789";"2.764";"2.702";"2.696";"2.637";"2.605";"2.584";"2.551";"2.501";"2.494";"2.501";"2.487"
"27042 Paradela";"2.655";"2.603";"2.552";"2.463";"2.408";"2.367";"2.307";"2.240";"2.193";"2.143";"2.091";"2.068";"2.038";"2.004";"1.967";"1.934";"1.887";"1.851";"1.820";"1.779";"1.739";"1.723";"1.683";"1.637";"1.586";"1.556"
"27043 Páramo, O";"1.938";"1.933";"1.925";"1.873";"1.887";"1.858";"1.823";"1.770";"1.733";"1.686";"1.632";"1.603";"1.555";"1.520";"1.484";"1.474";"1.456";"1.420";"1.388";"1.366";"1.344";"1.347";"1.322";"1.308";"1.298";"1.266"
"27055 Samos";"2.157";"2.125";"2.073";"1.999";"1.923";"1.897";"1.820";"1.768";"1.743";"1.707";"1.646";"1.614";"1.556";"1.502";"1.458";"1.425";"1.392";"1.343";"1.293";"1.278";"1.246";"1.222";"1.202";"1.216";"1.201";"1.162"
"27057 Sarria";"13.018";"13.084";"13.053";"13.142";"13.132";"13.155";"13.352";"13.422";"13.476";"13.508";"13.611";"13.590";"13.524";"13.488";"13.504";"13.393";"13.337";"13.359";"13.345";"13.330";"13.338";"13.257";"13.214";"13.317";"13.534";"13.776"
"27062 Triacastela";"939";"919";"882";"852";"839";"820";"821";"811";"792";"781";"771";"772";"756";"739";"721";"699";"680";"658";"643";"641";"637";"627";"629";"622";"609";"593"
"27001 Abadín";"3.516";"3.432";"3.342";"3.326";"3.256";"3.201";"3.141";"3.065";"2.988";"2.896";"2.858";"2.811";"2.760";"2.721";"2.646";"2.612";"2.559";"2.490";"2.428";"2.367";"2.322";"2.297";"2.259";"2.203";"2.217";"2.238"
"27007 Begonte";"3.818";"3.796";"3.748";"3.684";"3.682";"3.616";"3.587";"3.550";"3.538";"3.475";"3.413";"3.379";"3.322";"3.231";"3.179";"3.160";"3.115";"3.071";"3.037";"3.026";"2.978";"2.976";"2.951";"2.937";"2.916";"2.892"
"27010 Castro de Rei";"5.961";"5.963";"5.966";"5.902";"5.856";"5.779";"5.785";"5.744";"5.725";"5.685";"5.566";"5.474";"5.422";"5.267";"5.226";"5.153";"5.057";"5.013";"5.011";"5.052";"5.073";"5.110";"5.033";"5.012";"5.034";"4.998"
"27015 Cospeito";"5.931";"5.842";"5.706";"5.609";"5.548";"5.500";"5.409";"5.349";"5.275";"5.231";"5.170";"5.088";"5.047";"4.954";"4.892";"4.827";"4.754";"4.665";"4.596";"4.484";"4.395";"4.374";"4.342";"4.262";"4.223";"4.188"
"27022 Guitiriz";"6.358";"6.323";"6.249";"6.131";"6.086";"6.041";"5.972";"5.974";"5.907";"5.896";"5.821";"5.727";"5.658";"5.603";"5.564";"5.520";"5.495";"5.512";"5.505";"5.484";"5.490";"5.455";"5.328";"5.205";"5.131";"5.178"
"27033 Muras";"1.151";"1.112";"1.067";"1.020";"978";"941";"926";"891";"860";"830";"787";"784";"754";"723";"696";"684";"668";"648";"636";"642";"619";"611";"606";"599";"599";"576"
"27044 Pastoriza";"4.106";"4.020";"3.975";"3.911";"3.856";"3.787";"3.726";"3.690";"3.631";"3.566";"3.496";"3.437";"3.393";"3.362";"3.309";"3.274";"3.212";"3.133";"3.056";"3.002";"2.963";"2.918";"2.879";"2.814";"2.796";"2.802"
"27065 Vilalba";"15.699";"15.623";"15.520";"15.598";"15.484";"15.409";"15.455";"15.358";"15.406";"15.437";"15.327";"15.202";"15.116";"14.980";"14.788";"14.645";"14.487";"14.354";"14.226";"14.072";"14.079";"14.006";"13.881";"13.900";"13.822";"13.946"
"27021 Xermade";"2.728";"2.690";"2.595";"2.516";"2.464";"2.414";"2.339";"2.318";"2.293";"2.256";"2.204";"2.179";"2.101";"2.071";"2.036";"1.985";"1.943";"1.884";"1.841";"1.806";"1.783";"1.768";"1.768";"1.732";"1.696";"1.665"
"27008 Bóveda";"2.048";"2.008";"1.974";"1.900";"1.866";"1.824";"1.767";"1.737";"1.719";"1.669";"1.650";"1.624";"1.589";"1.570";"1.571";"1.545";"1.537";"1.527";"1.503";"1.481";"1.450";"1.407";"1.414";"1.406";"1.411";"1.374"
"27031 Monforte de Lemos";"19.712";"19.870";"19.817";"19.710";"19.445";"19.472";"19.412";"19.311";"19.486";"19.546";"19.638";"19.622";"19.604";"19.426";"19.201";"19.061";"18.922";"18.783";"18.599";"18.433";"18.347";"18.242";"18.081";"18.253";"18.572";"18.989"
"27041 Pantón";"3.540";"3.469";"3.377";"3.249";"3.209";"3.178";"3.147";"3.073";"3.032";"2.978";"2.938";"2.936";"2.860";"2.772";"2.708";"2.674";"2.620";"2.565";"2.539";"2.542";"2.457";"2.429";"2.435";"2.424";"2.346";"2.351"
"27047 Pobra do Brollón, A";"2.648";"2.609";"2.572";"2.482";"2.425";"2.369";"2.291";"2.201";"2.162";"2.105";"2.066";"2.027";"1.968";"1.894";"1.830";"1.794";"1.752";"1.709";"1.685";"1.648";"1.632";"1.615";"1.551";"1.573";"1.628";"1.602"
"27058 Saviñao, O";"5.104";"5.056";"5.000";"5.014";"4.915";"4.826";"4.758";"4.681";"4.638";"4.570";"4.460";"4.408";"4.314";"4.202";"4.113";"4.056";"3.926";"3.832";"3.743";"3.735";"3.634";"3.589";"3.547";"3.508";"3.482";"3.468"
"27059 Sober";"3.112";"3.077";"3.009";"2.985";"2.988";"2.972";"2.895";"2.836";"2.749";"2.681";"2.599";"2.516";"2.478";"2.469";"2.453";"2.400";"2.375";"2.338";"2.301";"2.312";"2.260";"2.243";"2.213";"2.179";"2.133";"2.088"
"27003 Antas de Ulla";"2.769";"2.733";"2.719";"2.676";"2.640";"2.602";"2.573";"2.549";"2.499";"2.407";"2.346";"2.275";"2.219";"2.171";"2.152";"2.109";"2.080";"2.059";"2.008";"1.976";"1.940";"1.935";"1.918";"1.887";"1.825";"1.823"
"27032 Monterroso";"4.267";"4.238";"4.253";"4.229";"4.237";"4.209";"4.140";"4.121";"4.088";"4.241";"4.167";"4.032";"3.969";"3.888";"3.779";"3.778";"3.741";"3.678";"3.667";"3.616";"3.613";"3.562";"3.585";"3.594";"3.625";"3.767"
"27040 Palas de Rei";"4.330";"4.218";"4.135";"4.007";"3.909";"3.824";"3.759";"3.667";"3.682";"3.678";"3.643";"3.743";"3.656";"3.613";"3.601";"3.588";"3.554";"3.489";"3.414";"3.388";"3.326";"3.316";"3.319";"3.368";"3.294";"3.245"
"32001 Allariz";"5.158";"5.173";"5.151";"5.216";"5.313";"5.351";"5.433";"5.506";"5.690";"5.821";"5.910";"5.985";"6.059";"6.056";"6.060";"6.049";"5.982";"6.026";"6.110";"6.188";"6.245";"6.314";"6.348";"6.384";"6.421";"6.505"
"32007 Baños de Molgas";"2.222";"2.191";"2.157";"2.088";"2.038";"2.014";"1.970";"1.922";"1.902";"1.846";"1.807";"1.825";"1.774";"1.727";"1.675";"1.658";"1.648";"1.623";"1.547";"1.519";"1.493";"1.483";"1.489";"1.540";"1.499";"1.470"
"32043 Maceda";"3.387";"3.388";"3.346";"3.307";"3.262";"3.218";"3.162";"3.146";"3.143";"3.139";"3.153";"3.129";"3.112";"3.025";"2.978";"2.957";"2.938";"2.924";"2.890";"2.872";"2.839";"2.849";"2.853";"2.910";"2.865";"2.872"
"32055 Paderne de Allariz";"1.714";"1.687";"1.674";"1.643";"1.630";"1.619";"1.602";"1.605";"1.618";"1.597";"1.604";"1.601";"1.574";"1.545";"1.515";"1.486";"1.439";"1.414";"1.383";"1.384";"1.372";"1.373";"1.395";"1.362";"1.350";"1.341"
"32036 Xunqueira de Ambía";"2.097";"2.095";"2.032";"1.997";"1.934";"1.901";"1.863";"1.834";"1.823";"1.789";"1.733";"1.697";"1.649";"1.620";"1.546";"1.498";"1.461";"1.438";"1.418";"1.375";"1.374";"1.366";"1.388";"1.365";"1.352";"1.342"
"32037 Xunqueira de Espadanedo";"1.097";"1.099";"1.087";"1.050";"1.033";"1.017";"1.001";"1.002";"980";"962";"948";"914";"892";"862";"863";"818";"800";"756";"741";"745";"751";"738";"723";"687";"671";"694"
"32006 Bande";"2.602";"2.541";"2.444";"2.332";"2.326";"2.285";"2.217";"2.292";"2.183";"2.116";"2.083";"2.020";"1.958";"1.890";"1.829";"1.735";"1.668";"1.618";"1.591";"1.528";"1.498";"1.490";"1.463";"1.478";"1.468";"1.459"
"32030 Entrimo";"1.474";"1.463";"1.424";"1.386";"1.370";"1.377";"1.352";"1.390";"1.406";"1.367";"1.372";"1.398";"1.391";"1.311";"1.323";"1.251";"1.209";"1.184";"1.166";"1.140";"1.109";"1.128";"1.118";"1.106";"1.080";"1.092"
"32041 Lobeira";"1.286";"1.264";"1.247";"1.225";"1.188";"1.160";"1.117";"1.089";"1.027";"1.016";"994";"983";"909";"855";"837";"813";"809";"825";"807";"798";"768";"769";"774";"766";"715";"700"
"32042 Lobios";"2.691";"2.658";"2.670";"2.584";"2.547";"2.420";"2.361";"2.321";"2.258";"2.259";"2.246";"2.238";"2.175";"2.130";"2.025";"1.988";"1.868";"1.795";"1.732";"1.708";"1.678";"1.672";"1.703";"1.796";"1.822";"1.777"
"32051 Muíños";"2.042";"1.999";"2.014";"2.012";"1.985";"2.003";"2.004";"1.922";"1.888";"1.821";"1.824";"1.782";"1.779";"1.744";"1.622";"1.622";"1.572";"1.514";"1.486";"1.502";"1.466";"1.447";"1.424";"1.432";"1.409";"1.380"
"32011 Beariz";"1.704";"1.542";"1.503";"1.477";"1.404";"1.397";"1.372";"1.360";"1.360";"1.319";"1.285";"1.278";"1.205";"1.136";"1.112";"1.016";"1.003";"982";"973";"971";"970";"971";"978";"948";"949";"893"
"32013 Boborás";"3.462";"3.330";"3.335";"3.286";"3.214";"3.200";"3.149";"3.057";"3.047";"3.001";"2.942";"2.936";"2.862";"2.737";"2.617";"2.510";"2.443";"2.375";"2.299";"2.285";"2.223";"2.206";"2.219";"2.225";"2.196";"2.159"
"32019 Carballiño, O";"12.434";"12.526";"12.733";"13.076";"13.226";"13.465";"13.716";"13.838";"13.983";"14.114";"14.136";"14.145";"14.246";"14.355";"14.123";"13.999";"13.913";"13.854";"13.939";"14.027";"14.089";"13.911";"13.932";"13.961";"14.078";"14.238"
"32035 Irixo, O";"2.185";"2.170";"2.133";"2.092";"2.033";"2.014";"1.971";"1.903";"1.876";"1.828";"1.777";"1.740";"1.689";"1.685";"1.637";"1.600";"1.546";"1.519";"1.477";"1.466";"1.420";"1.401";"1.366";"1.394";"1.355";"1.344"
"32045 Maside";"3.297";"3.254";"3.206";"3.157";"3.121";"3.077";"3.064";"3.056";"3.087";"3.096";"3.062";"3.058";"2.969";"2.920";"2.906";"2.879";"2.818";"2.797";"2.767";"2.705";"2.709";"2.718";"2.753";"2.743";"2.742";"2.762"
"32061 Piñor";"1.620";"1.575";"1.560";"1.527";"1.505";"1.476";"1.469";"1.444";"1.430";"1.401";"1.386";"1.362";"1.322";"1.280";"1.237";"1.232";"1.212";"1.172";"1.140";"1.176";"1.183";"1.162";"1.146";"1.155";"1.119";"1.103"
"32065 Punxín";"978";"978";"974";"956";"945";"942";"930";"907";"891";"861";"840";"825";"801";"776";"749";"760";"729";"713";"699";"693";"708";"704";"744";"750";"757";"744"
"32074 San Amaro";"1.534";"1.501";"1.462";"1.385";"1.371";"1.355";"1.326";"1.355";"1.335";"1.289";"1.287";"1.262";"1.237";"1.202";"1.180";"1.170";"1.141";"1.112";"1.091";"1.089";"1.052";"1.048";"1.042";"1.050";"1.040";"1.032"
"32076 San Cristovo de Cea";"3.232";"3.198";"3.144";"3.026";"2.994";"2.926";"2.877";"2.839";"2.785";"2.739";"2.692";"2.634";"2.560";"2.497";"2.418";"2.346";"2.303";"2.241";"2.191";"2.137";"2.089";"2.072";"2.042";"2.003";"1.989";"1.963"
"32005 Baltar";"1.282";"1.245";"1.236";"1.189";"1.180";"1.177";"1.149";"1.126";"1.169";"1.144";"1.114";"1.094";"1.076";"1.028";"1.019";"1.002";"986";"957";"968";"962";"942";"919";"910";"886";"857";"864"
"32012 Blancos, Os";"1.322";"1.270";"1.213";"1.148";"1.138";"1.104";"1.089";"1.086";"1.056";"1.030";"997";"1.007";"974";"908";"885";"878";"850";"812";"809";"766";"755";"745";"732";"717";"717";"700"
"32016 Calvos de Randín";"1.256";"1.258";"1.246";"1.242";"1.212";"1.195";"1.167";"1.110";"1.102";"1.093";"1.065";"1.176";"1.064";"1.028";"985";"922";"856";"818";"779";"770";"735";"717";"678";"681";"648";"647"
"32062 Porqueira";"1.192";"1.159";"1.168";"1.151";"1.130";"1.102";"1.103";"1.136";"1.136";"1.103";"1.079";"1.043";"1.005";"961";"931";"901";"859";"848";"830";"815";"823";"827";"835";"847";"840";"806"
"32067 Rairiz de Veiga";"1.895";"1.869";"1.834";"1.767";"1.788";"1.780";"1.759";"1.732";"1.720";"1.697";"1.673";"1.622";"1.568";"1.527";"1.456";"1.430";"1.394";"1.330";"1.282";"1.266";"1.228";"1.223";"1.216";"1.216";"1.177";"1.153"
"32077 Sandiás";"1.712";"1.687";"1.665";"1.618";"1.585";"1.554";"1.528";"1.525";"1.498";"1.466";"1.416";"1.391";"1.342";"1.316";"1.297";"1.307";"1.286";"1.261";"1.213";"1.206";"1.198";"1.181";"1.170";"1.135";"1.113";"1.087"
"32078 Sarreaus";"1.917";"1.897";"1.876";"1.845";"1.800";"1.800";"1.755";"1.680";"1.629";"1.587";"1.552";"1.486";"1.408";"1.365";"1.313";"1.283";"1.259";"1.220";"1.189";"1.162";"1.145";"1.114";"1.107";"1.094";"1.068";"1.068"
"32082 Trasmiras";"1.940";"1.922";"1.880";"1.828";"1.786";"1.778";"1.763";"1.724";"1.723";"1.656";"1.619";"1.560";"1.534";"1.500";"1.456";"1.410";"1.365";"1.327";"1.288";"1.286";"1.263";"1.261";"1.261";"1.227";"1.219";"1.215"
"32089 Vilar de Barrio";"2.084";"2.059";"2.023";"1.963";"1.914";"1.835";"1.835";"1.775";"1.736";"1.686";"1.645";"1.602";"1.572";"1.528";"1.500";"1.455";"1.394";"1.360";"1.317";"1.307";"1.283";"1.258";"1.206";"1.204";"1.196";"1.175"
"32090 Vilar de Santos";"1.033";"1.016";"1.001";"1.001";"1.004";"1.011";"1.025";"1.002";"997";"991";"970";"942";"922";"923";"922";"894";"858";"850";"829";"820";"794";"791";"792";"794";"796";"786"
"32032 Xinzo de Limia";"9.599";"9.836";"9.842";"9.821";"9.869";"9.930";"9.999";"10.022";"10.033";"10.161";"10.245";"10.329";"10.358";"10.307";"10.200";"10.043";"10.004";"9.875";"9.836";"9.715";"9.637";"9.621";"9.611";"9.525";"9.622";"9.655"
"32002 Amoeiro";"2.293";"2.318";"2.330";"2.276";"2.322";"2.356";"2.371";"2.334";"2.318";"2.327";"2.300";"2.297";"2.278";"2.257";"2.274";"2.245";"2.264";"2.231";"2.265";"2.280";"2.296";"2.333";"2.369";"2.385";"2.396";"2.441"
"32008 Barbadás";"6.286";"6.712";"6.908";"7.193";"7.597";"7.939";"8.426";"8.685";"8.890";"9.177";"9.468";"9.731";"10.064";"10.228";"10.371";"10.463";"10.638";"10.791";"10.951";"11.037";"11.158";"11.022";"11.061";"11.133";"11.163";"11.192"
"32026 Coles";"3.162";"3.200";"3.206";"3.201";"3.252";"3.263";"3.285";"3.257";"3.256";"3.214";"3.217";"3.199";"3.216";"3.171";"3.150";"3.168";"3.126";"3.077";"3.049";"3.050";"3.075";"3.125";"3.138";"3.180";"3.175";"3.227"
"32031 Esgos";"1.339";"1.317";"1.304";"1.318";"1.304";"1.312";"1.283";"1.259";"1.226";"1.234";"1.212";"1.194";"1.180";"1.208";"1.216";"1.220";"1.194";"1.154";"1.134";"1.116";"1.103";"1.109";"1.104";"1.099";"1.101";"1.105"
"32052 Nogueira de Ramuín";"2.667";"2.621";"2.566";"2.565";"2.561";"2.551";"2.500";"2.475";"2.452";"2.435";"2.432";"2.381";"2.336";"2.271";"2.198";"2.124";"2.075";"2.033";"2.011";"1.998";"1.988";"2.067";"2.081";"2.079";"2.042";"2.070"
"32054 Ourense";"108.647";"109.051";"109.011";"109.475";"108.600";"108.358";"108.137";"107.186";"107.057";"107.742";"108.673";"108.002";"107.597";"107.542";"106.905";"106.231";"105.893";"105.636";"105.505";"105.233";"105.643";"104.596";"103.756";"104.187";"104.725";"105.609"
"32058 Pereiro de Aguiar, O";"4.892";"5.120";"5.327";"5.326";"5.391";"5.487";"5.647";"5.934";"6.049";"6.135";"6.134";"6.184";"6.306";"6.326";"6.350";"6.319";"6.255";"6.228";"6.254";"6.275";"6.350";"6.470";"6.609";"6.643";"6.725";"6.786"
"32059 Peroxa, A";"2.590";"2.571";"2.561";"2.521";"2.502";"2.438";"2.406";"2.345";"2.347";"2.303";"2.227";"2.179";"2.085";"2.030";"1.999";"2.038";"1.948";"1.902";"1.871";"1.819";"1.810";"1.826";"1.805";"1.781";"1.762";"1.795"
"32075 San Cibrao das Viñas";"3.614";"3.634";"3.691";"3.840";"3.867";"3.973";"4.103";"4.151";"4.200";"4.310";"4.441";"4.579";"4.745";"4.906";"4.972";"5.036";"5.113";"5.184";"5.249";"5.405";"5.395";"5.509";"5.558";"5.692";"5.730";"5.777"
"32079 Taboadela";"1.755";"1.759";"1.744";"1.701";"1.691";"1.690";"1.712";"1.680";"1.690";"1.697";"1.691";"1.652";"1.642";"1.603";"1.561";"1.514";"1.475";"1.458";"1.443";"1.429";"1.417";"1.452";"1.471";"1.486";"1.489";"1.479"
"32081 Toén";"2.623";"2.579";"2.578";"2.521";"2.573";"2.594";"2.627";"2.649";"2.631";"2.635";"2.656";"2.605";"2.567";"2.527";"2.511";"2.426";"2.395";"2.377";"2.368";"2.355";"2.353";"2.374";"2.388";"2.387";"2.338";"2.333"
"32087 Vilamarín";"2.262";"2.260";"2.253";"2.236";"2.301";"2.321";"2.320";"2.281";"2.254";"2.215";"2.175";"2.162";"2.119";"2.121";"2.056";"2.026";"1.996";"1.940";"1.904";"1.854";"1.852";"1.882";"1.847";"1.881";"1.858";"1.838"
"32003 Arnoia, A";"1.211";"1.241";"1.255";"1.233";"1.247";"1.220";"1.184";"1.171";"1.147";"1.103";"1.091";"1.084";"1.051";"1.048";"1.040";"1.040";"1.002";"1.013";"995";"1.000";"977";"952";"1.015";"995";"964";"946"
"32004 Avión";"2.984";"2.812";"2.822";"2.881";"2.804";"2.780";"2.730";"2.693";"2.664";"2.610";"2.561";"2.528";"2.408";"2.323";"2.053";"1.962";"1.910";"1.860";"1.806";"1.795";"1.736";"1.738";"1.770";"1.748";"1.719";"1.704"
"32010 Beade";"614";"606";"607";"576";"578";"559";"553";"557";"525";"521";"515";"515";"500";"465";"464";"451";"427";"411";"404";"397";"384";"379";"372";"365";"364";"363"
"32018 Carballeda de Avia";"1.685";"1.655";"1.600";"1.596";"1.601";"1.591";"1.551";"1.600";"1.607";"1.546";"1.523";"1.504";"1.487";"1.438";"1.390";"1.400";"1.381";"1.356";"1.317";"1.286";"1.271";"1.249";"1.219";"1.218";"1.194";"1.172"
"32022 Castrelo de Miño";"2.153";"2.121";"2.095";"2.052";"2.044";"2.036";"2.008";"1.997";"1.981";"1.928";"1.870";"1.814";"1.754";"1.675";"1.620";"1.556";"1.490";"1.445";"1.380";"1.349";"1.340";"1.321";"1.315";"1.341";"1.284";"1.286"
"32025 Cenlle";"1.673";"1.626";"1.642";"1.601";"1.575";"1.560";"1.542";"1.513";"1.466";"1.431";"1.396";"1.357";"1.331";"1.278";"1.235";"1.189";"1.196";"1.176";"1.140";"1.120";"1.100";"1.094";"1.119";"1.086";"1.077";"1.067"
"32027 Cortegada";"1.441";"1.462";"1.467";"1.420";"1.407";"1.401";"1.385";"1.328";"1.367";"1.344";"1.330";"1.326";"1.277";"1.231";"1.191";"1.184";"1.151";"1.125";"1.105";"1.085";"1.070";"1.061";"1.036";"1.027";"1.021";"1.023"
"32040 Leiro";"2.046";"2.014";"2.005";"1.967";"1.940";"1.931";"1.893";"1.860";"1.830";"1.793";"1.833";"1.799";"1.763";"1.724";"1.675";"1.630";"1.642";"1.601";"1.583";"1.568";"1.525";"1.510";"1.522";"1.483";"1.483";"1.515"
"32046 Melón";"1.601";"1.568";"1.533";"1.530";"1.552";"1.582";"1.554";"1.546";"1.504";"1.498";"1.463";"1.475";"1.479";"1.396";"1.340";"1.293";"1.280";"1.254";"1.227";"1.184";"1.156";"1.135";"1.137";"1.123";"1.107";"1.079"
"32069 Ribadavia";"5.509";"5.441";"5.447";"5.540";"5.510";"5.494";"5.401";"5.390";"5.491";"5.519";"5.490";"5.459";"5.319";"5.230";"5.187";"5.112";"5.068";"5.095";"5.028";"5.024";"5.012";"5.005";"5.003";"4.986";"4.944";"4.917"
"32023 Castro de Caldelas, O";"1.919";"1.909";"1.895";"1.863";"1.833";"1.769";"1.714";"1.687";"1.629";"1.594";"1.572";"1.533";"1.486";"1.412";"1.376";"1.351";"1.313";"1.298";"1.224";"1.224";"1.204";"1.182";"1.177";"1.230";"1.247";"1.237"
"32049 Montederramo";"1.285";"1.266";"1.221";"1.188";"1.130";"1.137";"1.109";"1.072";"1.039";"990";"961";"935";"894";"854";"822";"807";"791";"760";"722";"711";"699";"705";"701";"690";"673";"659"
"32057 Parada de Sil";"909";"896";"858";"808";"788";"761";"750";"752";"729";"683";"670";"648";"648";"642";"634";"605";"592";"593";"564";"538";"546";"544";"531";"518";"523";"499"
"32080 Teixeira, A";"597";"576";"569";"551";"547";"536";"529";"518";"505";"479";"447";"428";"415";"406";"391";"378";"368";"339";"332";"316";"315";"336";"345";"347";"328";"329"
"32014 Bola, A";"1.566";"1.567";"1.542";"1.540";"1.549";"1.525";"1.517";"1.497";"1.507";"1.486";"1.463";"1.436";"1.398";"1.361";"1.350";"1.339";"1.270";"1.251";"1.199";"1.156";"1.113";"1.075";"1.088";"1.065";"1.090";"1.132"
"32020 Cartelle";"3.927";"3.857";"3.773";"3.641";"3.565";"3.552";"3.507";"3.487";"3.436";"3.387";"3.344";"3.299";"3.163";"3.037";"2.944";"2.852";"2.757";"2.683";"2.643";"2.642";"2.589";"2.570";"2.578";"2.514";"2.500";"2.463"
"32024 Celanova";"5.960";"5.964";"6.012";"6.071";"6.079";"6.150";"6.137";"6.104";"6.075";"6.020";"5.949";"5.906";"5.809";"5.638";"5.615";"5.536";"5.508";"5.455";"5.533";"5.649";"5.644";"5.652";"5.619";"5.696";"5.701";"5.695"
"32033 Gomesende";"1.205";"1.160";"1.137";"1.105";"1.118";"1.101";"1.078";"1.060";"1.048";"1.018";"968";"946";"914";"895";"833";"829";"798";"778";"750";"732";"714";"693";"686";"661";"655";"640"
"32047 Merca, A";"2.426";"2.421";"2.404";"2.373";"2.341";"2.312";"2.323";"2.269";"2.268";"2.254";"2.244";"2.212";"2.197";"2.119";"2.078";"2.021";"1.976";"1.924";"1.911";"1.913";"1.912";"1.939";"1.966";"1.967";"1.939";"1.976"
"32056 Padrenda";"2.836";"2.743";"2.629";"2.530";"2.479";"2.474";"2.383";"2.405";"2.405";"2.367";"2.297";"2.355";"2.244";"2.135";"1.951";"1.912";"1.893";"1.838";"1.759";"1.748";"1.671";"1.653";"1.637";"1.626";"1.558";"1.537"
"32064 Pontedeva";"708";"688";"684";"664";"647";"626";"621";"723";"704";"680";"661";"667";"654";"644";"625";"600";"588";"570";"554";"511";"494";"491";"479";"467";"458";"459"
"32066 Quintela de Leirado";"950";"929";"907";"851";"831";"814";"795";"801";"754";"754";"751";"724";"716";"671";"651";"629";"616";"615";"611";"619";"630";"614";"626";"603";"593";"586"
"32068 Ramirás";"2.077";"2.082";"2.079";"2.053";"2.046";"2.054";"2.024";"2.018";"1.989";"1.938";"1.897";"1.856";"1.812";"1.712";"1.643";"1.607";"1.571";"1.550";"1.540";"1.584";"1.551";"1.507";"1.500";"1.518";"1.503";"1.480"
"32084 Verea";"1.516";"1.483";"1.450";"1.387";"1.398";"1.355";"1.315";"1.272";"1.288";"1.269";"1.238";"1.222";"1.150";"1.112";"1.059";"1.042";"983";"956";"933";"943";"912";"914";"944";"960";"952";"971"
"32029 Chandrexa de Queixa";"897";"884";"865";"854";"830";"807";"766";"719";"700";"679";"639";"619";"586";"560";"545";"528";"506";"494";"466";"456";"472";"482";"495";"498";"481";"471"
"32044 Manzaneda";"1.264";"1.242";"1.204";"1.156";"1.150";"1.113";"1.098";"1.069";"1.057";"1.028";"994";"1.006";"1.001";"971";"973";"975";"947";"906";"890";"870";"843";"846";"828";"832";"798";"767"
"32063 Pobra de Trives, A";"2.911";"2.837";"2.807";"2.734";"2.721";"2.686";"2.664";"2.619";"2.564";"2.549";"2.511";"2.456";"2.388";"2.319";"2.280";"2.245";"2.191";"2.150";"2.118";"2.067";"2.014";"2.015";"2.019";"1.982";"1.970";"1.925"
"32070 San Xoán de Río";"1.030";"1.000";"949";"913";"864";"867";"846";"811";"795";"759";"734";"708";"685";"657";"632";"600";"583";"561";"549";"531";"506";"505";"508";"518";"519";"516"
"32009 Barco de Valdeorras, O";"12.767";"13.002";"13.295";"13.507";"13.518";"13.700";"13.800";"13.943";"14.040";"14.213";"14.134";"14.123";"14.052";"14.010";"13.899";"13.785";"13.761";"13.581";"13.463";"13.395";"13.431";"13.384";"13.350";"13.268";"13.302";"13.370"
"32015 Bolo, O";"1.432";"1.374";"1.345";"1.326";"1.286";"1.246";"1.223";"1.187";"1.174";"1.139";"1.117";"1.117";"1.084";"1.060";"1.013";"988";"963";"938";"917";"884";"850";"828";"824";"805";"787";"784"
"32017 Carballeda de Valdeorras";"2.313";"2.257";"2.212";"2.155";"2.080";"2.041";"2.010";"1.947";"1.906";"1.870";"1.866";"1.819";"1.773";"1.727";"1.697";"1.698";"1.664";"1.623";"1.574";"1.545";"1.499";"1.460";"1.409";"1.403";"1.372";"1.345"
"32038 Larouco";"617";"610";"584";"570";"570";"569";"571";"624";"608";"581";"584";"557";"557";"557";"544";"526";"487";"472";"455";"429";"417";"427";"440";"443";"439";"484"
"32060 Petín";"1.139";"1.134";"1.125";"1.099";"1.095";"1.088";"1.073";"1.066";"1.042";"1.030";"1.032";"1.008";"982";"986";"961";"953";"957";"921";"889";"861";"849";"879";"883";"872";"860";"854"
"32072 Rúa, A";"5.008";"5.056";"5.139";"5.027";"5.000";"4.996";"4.978";"4.905";"4.844";"4.816";"4.754";"4.719";"4.695";"4.685";"4.634";"4.595";"4.530";"4.459";"4.359";"4.314";"4.283";"4.245";"4.186";"4.142";"4.221";"4.217"
"32073 Rubiá";"1.828";"1.796";"1.767";"1.716";"1.685";"1.663";"1.638";"1.617";"1.590";"1.585";"1.583";"1.561";"1.557";"1.518";"1.494";"1.473";"1.448";"1.462";"1.448";"1.393";"1.383";"1.390";"1.376";"1.385";"1.390";"1.391"
"32083 Veiga, A";"1.446";"1.408";"1.387";"1.341";"1.318";"1.273";"1.238";"1.204";"1.130";"1.106";"1.075";"1.048";"1.036";"1.000";"965";"946";"923";"907";"904";"889";"857";"886";"901";"925";"884";"873"
"32088 Vilamartín de Valdeorras";"2.502";"2.489";"2.467";"2.477";"2.472";"2.408";"2.321";"2.247";"2.222";"2.164";"2.072";"2.047";"1.988";"1.826";"1.793";"1.798";"1.798";"1.771";"1.746";"1.790";"1.812";"1.837";"1.825";"1.861";"1.836";"1.821"
"32021 Castrelo do Val";"1.336";"1.316";"1.298";"1.263";"1.239";"1.247";"1.234";"1.242";"1.240";"1.241";"1.199";"1.177";"1.169";"1.138";"1.109";"1.079";"1.067";"1.028";"1.001";"984";"958";"979";"969";"992";"951";"947"
"32028 Cualedro";"2.457";"2.452";"2.405";"2.316";"2.286";"2.234";"2.161";"2.148";"2.092";"2.049";"2.041";"1.993";"1.924";"1.876";"1.808";"1.840";"1.792";"1.721";"1.700";"1.679";"1.668";"1.639";"1.627";"1.604";"1.582";"1.530"
"32039 Laza";"2.027";"1.965";"1.927";"1.826";"1.800";"1.762";"1.730";"1.683";"1.627";"1.597";"1.570";"1.561";"1.541";"1.487";"1.449";"1.424";"1.377";"1.331";"1.287";"1.228";"1.223";"1.222";"1.205";"1.168";"1.164";"1.151"
"32050 Monterrei";"3.425";"3.386";"3.364";"3.246";"3.187";"3.128";"3.098";"3.094";"3.067";"3.036";"3.002";"2.973";"2.924";"2.875";"2.809";"2.758";"2.713";"2.655";"2.602";"2.529";"2.520";"2.501";"2.461";"2.427";"2.403";"2.415"
"32053 Oímbra";"2.021";"2.009";"2.015";"1.991";"1.984";"1.963";"1.941";"1.957";"1.923";"1.916";"2.032";"2.045";"2.062";"2.019";"2.020";"2.020";"1.894";"1.818";"1.766";"1.712";"1.720";"1.713";"1.730";"1.723";"1.707";"1.681"
"32071 Riós, O";"2.265";"2.208";"2.132";"2.123";"2.097";"2.088";"2.064";"2.003";"1.973";"1.907";"1.863";"1.846";"1.803";"1.751";"1.684";"1.683";"1.646";"1.609";"1.568";"1.516";"1.461";"1.459";"1.432";"1.413";"1.407";"1.374"
"32085 Verín";"13.033";"13.246";"13.475";"13.658";"13.585";"13.706";"13.944";"13.991";"14.237";"14.391";"14.633";"14.633";"14.707";"14.760";"14.652";"14.107";"14.031";"13.889";"13.817";"13.723";"13.647";"13.644";"13.625";"13.585";"13.767";"13.921"
"32091 Vilardevós";"2.931";"2.868";"2.823";"2.693";"2.633";"2.569";"2.500";"2.430";"2.382";"2.324";"2.256";"2.182";"2.131";"2.062";"2.024";"2.170";"2.036";"1.971";"1.912";"1.846";"1.802";"1.781";"1.726";"1.701";"1.665";"1.622"
"32034 Gudiña, A";"1.724";"1.708";"1.657";"1.651";"1.625";"1.623";"1.596";"1.583";"1.586";"1.584";"1.562";"1.554";"1.506";"1.508";"1.461";"1.392";"1.345";"1.360";"1.308";"1.254";"1.236";"1.232";"1.180";"1.184";"1.189";"1.197"
"32048 Mezquita, A";"1.549";"1.521";"1.510";"1.468";"1.406";"1.387";"1.385";"1.406";"1.383";"1.365";"1.352";"1.328";"1.304";"1.169";"1.155";"1.109";"1.070";"1.034";"1.039";"1.023";"1.013";"1.006";"1.005";"1.009";"1.014";"991"
"32086 Viana do Bolo";"4.089";"3.961";"3.826";"3.743";"3.663";"3.575";"3.517";"3.442";"3.368";"3.382";"3.323";"3.247";"3.180";"3.163";"3.113";"3.037";"2.982";"2.964";"2.929";"2.886";"2.818";"2.787";"2.781";"2.753";"2.738";"2.717"
"32092 Vilariño de Conso";"854";"815";"798";"771";"749";"731";"727";"727";"710";"700";"675";"673";"632";"660";"633";"615";"586";"558";"535";"519";"524";"513";"505";"522";"510";"501"
"36023 Guarda, A";"10.000";"9.936";"10.032";"10.131";"10.162";"10.209";"10.254";"10.356";"10.404";"10.425";"10.472";"10.484";"10.453";"10.438";"10.314";"10.193";"10.133";"10.051";"10.013";"9.977";"10.025";"9.991";"10.013";"10.020";"10.064";"9.994"
"36036 Oia";"2.925";"2.921";"2.906";"2.903";"2.912";"3.038";"3.140";"3.159";"3.192";"3.227";"3.197";"3.179";"3.101";"3.094";"3.042";"3.008";"3.002";"3.004";"3.018";"3.053";"3.049";"3.104";"3.080";"3.099";"3.075";"3.062"
"36048 Rosal, O";"5.846";"5.892";"5.933";"5.942";"5.992";"6.183";"6.326";"6.402";"6.462";"6.570";"6.595";"6.613";"6.574";"6.531";"6.455";"6.406";"6.349";"6.328";"6.249";"6.234";"6.289";"6.376";"6.450";"6.538";"6.565";"6.573"
"36054 Tomiño";"10.901";"11.111";"11.334";"11.487";"11.776";"11.932";"12.278";"12.651";"12.982";"13.315";"13.492";"13.604";"13.738";"13.740";"13.707";"13.662";"13.548";"13.585";"13.464";"13.499";"13.566";"13.730";"13.779";"13.873";"13.856";"13.814"
"36055 Tui";"15.939";"16.089";"16.221";"16.326";"16.303";"16.680";"16.925";"16.948";"16.972";"17.262";"17.306";"17.236";"17.230";"16.827";"16.884";"17.013";"16.966";"16.860";"16.902";"16.701";"17.323";"17.398";"17.375";"17.424";"17.538";"17.499"
"36005 Caldas de Reis";"9.441";"9.453";"9.444";"9.532";"9.522";"9.673";"9.730";"9.796";"9.975";"10.036";"10.045";"10.060";"10.008";"10.019";"9.895";"9.834";"9.830";"9.825";"9.860";"9.785";"9.775";"9.788";"9.678";"9.618";"9.617";"9.631"
"36010 Catoira";"3.507";"3.537";"3.522";"3.501";"3.510";"3.502";"3.482";"3.480";"3.485";"3.473";"3.469";"3.489";"3.484";"3.421";"3.402";"3.368";"3.376";"3.337";"3.349";"3.335";"3.331";"3.316";"3.295";"3.285";"3.268";"3.275"
"36015 Cuntis";"5.660";"5.611";"5.573";"5.491";"5.443";"5.340";"5.267";"5.184";"5.172";"5.133";"5.115";"5.066";"4.992";"4.913";"4.931";"4.878";"4.794";"4.750";"4.710";"4.677";"4.665";"4.643";"4.592";"4.539";"4.510";"4.450"
"36032 Moraña";"4.327";"4.316";"4.291";"4.287";"4.281";"4.313";"4.274";"4.309";"4.349";"4.411";"4.434";"4.398";"4.402";"4.400";"4.362";"4.358";"4.313";"4.246";"4.200";"4.179";"4.147";"4.121";"4.133";"4.144";"4.128";"4.139"
"36044 Pontecesures";"2.984";"2.973";"3.026";"3.062";"3.028";"3.101";"3.120";"3.139";"3.116";"3.145";"3.143";"3.136";"3.123";"3.113";"3.092";"3.062";"3.040";"3.037";"3.037";"3.052";"3.053";"3.081";"3.079";"3.099";"3.091";"3.073"
"36040 Portas";"3.260";"3.232";"3.219";"3.167";"3.176";"3.171";"3.174";"3.129";"3.089";"3.089";"3.078";"3.070";"3.073";"3.033";"3.025";"3.061";"3.056";"3.016";"2.984";"2.940";"2.906";"2.860";"2.851";"2.824";"2.780";"2.753"
"36056 Valga";"6.310";"6.275";"6.173";"6.174";"6.160";"6.108";"6.116";"6.071";"6.096";"6.120";"6.127";"6.103";"6.072";"6.059";"6.050";"6.062";"6.047";"5.986";"5.927";"5.869";"5.824";"5.768";"5.752";"5.710";"5.683";"5.780"
"36030 Mondariz";"5.571";"5.480";"5.370";"5.373";"5.320";"5.343";"5.354";"5.320";"5.328";"5.259";"5.200";"5.081";"4.841";"4.800";"4.742";"4.665";"4.647";"4.548";"4.496";"4.440";"4.410";"4.394";"4.448";"4.457";"4.439";"4.452"
"36031 Mondariz Balneario";"651";"659";"658";"693";"704";"719";"740";"755";"736";"726";"734";"730";"690";"656";"682";"652";"614";"627";"618";"644";"637";"675";"680";"711";"724";"740"
"36034 Neves, As";"4.750";"4.695";"4.695";"4.586";"4.440";"4.377";"4.473";"4.467";"4.471";"4.466";"4.429";"4.400";"4.300";"4.192";"4.121";"4.066";"4.038";"3.968";"3.892";"3.841";"3.803";"3.770";"3.746";"3.737";"3.676";"3.655"
"36042 Ponteareas";"18.322";"18.844";"19.475";"20.432";"21.049";"21.378";"21.993";"22.411";"22.750";"23.172";"23.316";"23.561";"23.409";"23.326";"23.115";"22.990";"22.963";"22.893";"22.854";"22.877";"22.940";"22.942";"23.049";"23.152";"23.208";"23.206"
"36050 Salvaterra de Miño";"8.501";"8.320";"8.240";"8.117";"8.019";"8.375";"8.505";"8.761";"9.140";"9.293";"9.456";"9.546";"9.677";"9.816";"9.626";"9.619";"9.566";"9.657";"9.691";"9.819";"9.990";"10.048";"10.079";"10.292";"10.459";"10.632"
"36020 Agolada";"4.391";"4.292";"4.117";"3.875";"3.678";"3.414";"3.286";"3.216";"3.176";"3.094";"2.995";"2.926";"2.803";"2.745";"2.651";"2.585";"2.507";"2.431";"2.370";"2.344";"2.304";"2.228";"2.252";"2.319";"2.285";"2.225"
"36016 Dozón";"2.174";"2.164";"2.095";"2.059";"2.030";"1.980";"1.947";"1.923";"1.864";"1.827";"1.781";"1.744";"1.328";"1.241";"1.209";"1.174";"1.107";"1.179";"1.110";"1.082";"1.073";"1.057";"1.028";"1.126";"974";"949"
"36024 Lalín";"20.169";"20.266";"20.453";"20.648";"20.698";"20.732";"20.779";"20.867";"21.130";"21.254";"21.216";"21.127";"20.409";"20.048";"20.158";"20.005";"20.044";"20.075";"20.103";"20.218";"20.207";"20.199";"20.201";"20.231";"20.250";"20.255"
"36047 Rodeiro";"4.355";"4.309";"4.236";"3.734";"3.553";"3.385";"3.317";"3.261";"3.194";"3.143";"3.092";"3.034";"2.931";"2.844";"2.752";"2.700";"2.644";"2.567";"2.509";"2.437";"2.393";"2.361";"2.317";"2.299";"2.276";"2.251"
"36052 Silleda";"9.214";"9.175";"9.099";"9.092";"9.055";"9.097";"9.058";"9.053";"9.166";"9.248";"9.248";"9.199";"9.074";"9.037";"8.966";"8.772";"8.734";"8.669";"8.698";"8.687";"8.861";"8.845";"8.860";"8.894";"8.880";"8.908"
"36059 Vila de Cruces";"7.171";"7.108";"7.004";"6.953";"6.779";"6.720";"6.644";"6.550";"6.513";"6.475";"6.437";"6.325";"6.085";"5.934";"5.676";"5.556";"5.435";"5.389";"5.273";"5.246";"5.208";"5.097";"5.063";"5.074";"5.031";"4.965"
"36004 Bueu";"12.526";"12.548";"12.469";"12.342";"12.483";"12.528";"12.537";"12.440";"12.375";"12.331";"12.368";"12.348";"12.373";"12.375";"12.352";"12.251";"12.189";"12.145";"12.148";"12.009";"11.950";"11.987";"11.978";"11.918";"11.830";"11.829"
"36008 Cangas de Morrazo";"23.442";"23.756";"24.147";"24.458";"24.643";"24.849";"25.202";"25.402";"25.537";"25.748";"25.913";"26.121";"26.087";"26.173";"26.567";"26.520";"26.584";"26.490";"26.487";"26.542";"26.582";"26.708";"26.832";"26.808";"26.731";"26.698"
"36026 Marín";"25.482";"25.487";"25.461";"24.825";"25.706";"26.103";"26.190";"25.885";"25.879";"25.969";"25.997";"25.864";"25.562";"25.483";"25.329";"25.084";"24.878";"24.637";"24.362";"24.319";"24.242";"24.248";"24.034";"24.202";"24.089";"23.976"
"36029 Moaña";"17.907";"18.026";"18.079";"18.165";"18.396";"18.415";"18.432";"18.587";"18.709";"19.014";"19.231";"19.336";"19.291";"19.309";"19.365";"19.492";"19.458";"19.439";"19.448";"19.399";"19.452";"19.496";"19.474";"19.314";"19.304";"19.316"
"36001 Arbo";"4.318";"4.255";"4.173";"4.121";"4.018";"3.973";"3.955";"3.887";"3.877";"3.833";"3.801";"3.741";"3.191";"2.967";"2.904";"2.846";"2.770";"2.711";"2.637";"2.580";"2.576";"2.599";"2.622";"2.680";"2.663";"2.630"
"36009 Caniza, A";"6.986";"7.022";"6.919";"6.719";"6.782";"6.747";"6.714";"6.696";"6.651";"6.583";"6.517";"6.461";"5.511";"5.416";"5.342";"5.230";"5.234";"5.233";"5.173";"5.180";"5.122";"5.115";"5.115";"5.084";"5.052";"5.007"
"36013 Covelo";"4.046";"3.968";"3.951";"3.751";"3.730";"3.652";"3.602";"3.515";"3.457";"3.399";"3.341";"3.235";"2.931";"2.800";"2.719";"2.617";"2.528";"2.505";"2.417";"2.396";"2.368";"2.455";"2.480";"2.561";"2.415";"2.466"
"36014 Crecente";"2.984";"2.873";"2.818";"2.779";"2.756";"2.748";"2.677";"2.698";"2.652";"2.596";"2.540";"2.533";"2.367";"2.314";"2.261";"2.252";"2.131";"2.082";"2.032";"2.012";"1.994";"1.961";"1.937";"2.013";"1.939";"1.924"
"36002 Barro";"3.538";"3.470";"3.444";"3.418";"3.380";"3.408";"3.402";"3.426";"3.498";"3.583";"3.642";"3.668";"3.724";"3.712";"3.705";"3.726";"3.746";"3.699";"3.716";"3.680";"3.623";"3.622";"3.637";"3.665";"3.673";"3.686"
"36007 Campo Lameiro, O";"2.307";"2.290";"2.256";"2.213";"2.178";"2.166";"2.132";"2.119";"2.113";"2.084";"2.046";"2.036";"2.009";"1.982";"1.962";"1.931";"1.894";"1.867";"1.806";"1.817";"1.778";"1.769";"1.721";"1.721";"1.700";"1.659"
"36902 Cerdedo Cotobade";"-";"-";"-";"-";"-";"-";"-";"-";"-";"-";"-";"-";"-";"-";"-";"-";"-";"6.107";"5.815";"5.699";"5.697";"5.719";"5.697";"5.700";"5.701";"5.656"
"36012 Cotobade";"4.786";"4.680";"4.629";"4.610";"4.644";"4.658";"4.608";"4.575";"4.517";"4.448";"4.427";"4.432";"4.394";"4.359";"4.327";"4.332";"4.290";"-";"-";"-";"-";"-";"-";"-";"-";"-"
"36025 Lama, A";"3.047";"2.831";"2.882";"2.957";"2.905";"3.026";"3.022";"2.995";"3.014";"3.001";"2.966";"2.976";"2.918";"2.862";"2.763";"2.670";"2.587";"2.478";"2.430";"2.445";"2.397";"2.410";"2.499";"2.543";"2.536";"2.451"
"36041 Poio";"14.037";"14.291";"14.394";"14.588";"14.651";"14.889";"15.201";"15.456";"15.842";"16.043";"16.309";"16.501";"16.642";"16.767";"16.794";"16.842";"16.901";"16.871";"17.018";"17.082";"17.073";"17.230";"17.276";"17.306";"17.412";"17.426"
"36043 Ponte Caldelas";"6.501";"6.390";"6.292";"6.390";"6.393";"6.515";"6.513";"6.487";"6.469";"6.422";"6.371";"6.319";"5.739";"5.668";"5.625";"5.540";"5.573";"5.562";"5.491";"5.494";"5.533";"5.548";"5.575";"5.547";"5.582";"5.589"
"36038 Pontevedra";"75.212";"75.864";"76.798";"77.993";"78.715";"79.372";"80.096";"80.202";"80.749";"81.576";"81.981";"82.400";"82.684";"82.934";"82.946";"82.539";"82.549";"82.671";"82.802";"83.029";"83.260";"83.114";"82.828";"82.592";"83.106";"83.339"
"36058 Vilaboa";"5.780";"5.755";"5.756";"5.839";"5.853";"5.947";"6.030";"6.015";"5.935";"5.978";"5.991";"6.024";"5.965";"5.848";"5.972";"6.059";"6.043";"6.023";"5.954";"5.874";"5.919";"5.955";"6.004";"5.955";"5.879";"5.860"
"36006 Cambados";"13.240";"13.328";"13.438";"13.524";"13.564";"13.581";"13.562";"13.591";"13.620";"13.708";"13.872";"13.946";"13.898";"13.544";"13.399";"13.895";"13.977";"13.900";"13.814";"13.744";"13.721";"13.673";"13.671";"13.774";"13.834";"13.863"
"36022 Grove, O";"11.036";"11.061";"11.075";"11.135";"11.147";"11.218";"11.225";"11.226";"11.264";"11.250";"11.297";"11.241";"11.236";"11.096";"10.851";"10.801";"10.758";"10.746";"10.700";"10.650";"10.518";"10.699";"10.809";"10.883";"10.886";"10.877"
"36901 Illa de Arousa, A";"4.948";"4.953";"4.885";"4.877";"4.874";"4.884";"4.849";"4.889";"4.928";"4.982";"5.000";"5.020";"4.981";"5.028";"5.006";"4.956";"4.909";"4.968";"4.958";"4.926";"4.932";"4.951";"4.878";"4.881";"4.853";"4.813"
"36027 Meaño";"5.403";"5.398";"5.384";"5.469";"5.489";"5.478";"5.494";"5.479";"5.475";"5.465";"5.455";"5.444";"5.453";"5.421";"5.428";"5.382";"5.341";"5.318";"5.315";"5.272";"5.322";"5.314";"5.292";"5.260";"5.264";"5.235"
"36028 Meis";"4.973";"4.949";"5.009";"5.040";"5.004";"5.011";"5.001";"4.982";"4.977";"5.002";"5.003";"4.988";"4.992";"5.007";"5.033";"5.006";"4.844";"4.788";"4.776";"4.791";"4.754";"4.796";"4.735";"4.713";"4.708";"4.682"
"36046 Ribadumia";"4.221";"4.240";"4.182";"4.151";"4.238";"4.317";"4.529";"4.658";"4.781";"4.874";"5.028";"5.107";"5.166";"5.168";"5.103";"5.087";"5.105";"5.081";"5.069";"5.052";"5.105";"5.157";"5.193";"5.199";"5.208";"5.171"
"36051 Sanxenxo";"16.183";"16.203";"16.222";"16.312";"16.424";"16.598";"16.914";"17.077";"17.216";"17.315";"17.500";"17.586";"17.604";"17.582";"17.543";"17.391";"17.314";"17.241";"17.212";"17.347";"17.414";"17.635";"17.760";"17.837";"17.898";"17.990"
"36060 Vilagarcía de Arousa";"33.832";"33.823";"33.907";"34.469";"35.053";"35.954";"36.519";"36.743";"37.329";"37.576";"37.926";"37.903";"37.621";"37.741";"37.712";"37.482";"37.283";"37.479";"37.519";"37.456";"37.565";"37.545";"37.677";"37.721";"37.831";"37.975"
"36061 Vilanova de Arousa";"10.303";"10.229";"10.378";"10.430";"10.421";"10.497";"10.592";"10.638";"10.643";"10.719";"10.682";"10.614";"10.590";"10.502";"10.459";"10.422";"10.406";"10.361";"10.352";"10.302";"10.239";"10.306";"10.240";"10.241";"10.238";"10.182"
"36011 Cerdedo";"2.566";"2.523";"2.434";"2.313";"2.308";"2.333";"2.330";"2.402";"2.350";"2.290";"2.299";"2.297";"1.916";"1.865";"1.860";"1.828";"1.781";"-";"-";"-";"-";"-";"-";"-";"-";"-"
"36017 Estrada, A";"22.317";"22.216";"22.125";"22.362";"22.217";"22.102";"22.013";"21.908";"21.886";"21.880";"21.828";"21.759";"21.657";"21.464";"21.197";"21.025";"20.891";"20.700";"20.661";"20.479";"20.351";"20.261";"20.106";"20.075";"20.133";"20.101"
"36018 Forcarei";"4.889";"4.849";"4.802";"4.704";"4.616";"4.576";"4.505";"4.428";"4.336";"4.219";"4.108";"4.044";"3.916";"3.820";"3.696";"3.683";"3.621";"3.523";"3.451";"3.388";"3.308";"3.268";"3.194";"3.198";"3.144";"3.065"
"36003 Baiona";"10.741";"10.873";"11.014";"11.153";"11.337";"11.521";"11.653";"11.839";"11.976";"12.091";"12.154";"12.258";"12.063";"12.035";"12.233";"12.072";"12.119";"12.169";"12.134";"12.122";"12.129";"12.286";"12.349";"12.525";"12.496";"12.366"
"36019 Fornelos de Montes";"2.271";"2.230";"2.181";"2.137";"2.092";"2.057";"2.042";"2.036";"1.991";"1.976";"1.966";"2.002";"1.906";"1.864";"1.784";"1.794";"1.748";"1.694";"1.640";"1.616";"1.598";"1.594";"1.621";"1.693";"1.626";"1.606"
"36021 Gondomar";"11.463";"11.631";"11.861";"11.987";"12.121";"12.685";"12.888";"13.371";"13.713";"13.841";"13.890";"13.973";"13.954";"14.005";"14.051";"14.056";"14.192";"14.233";"14.236";"14.286";"14.702";"14.920";"14.970";"15.099";"15.181";"15.109"
"36033 Mos";"13.793";"13.920";"14.033";"14.114";"14.214";"13.996";"14.283";"14.471";"14.504";"14.650";"14.818";"14.942";"15.267";"15.367";"15.324";"15.305";"15.240";"15.132";"15.142";"15.078";"15.063";"15.190";"15.199";"15.065";"15.135";"15.221"
"36035 Nigrán";"15.905";"16.302";"16.684";"16.806";"16.894";"17.281";"17.631";"17.668";"17.869";"18.021";"17.909";"17.879";"17.840";"17.738";"17.715";"17.619";"17.593";"17.622";"17.723";"17.675";"17.745";"18.005";"18.054";"18.038";"18.200";"18.156"
"36037 Pazos de Borbén";"3.111";"3.089";"3.070";"3.034";"3.161";"3.160";"3.179";"3.145";"3.178";"3.170";"3.159";"3.192";"3.170";"3.113";"3.075";"3.067";"3.004";"2.991";"2.980";"2.999";"2.965";"2.975";"2.998";"2.998";"2.999";"3.048"
"36039 Porriño, O";"16.011";"16.076";"16.241";"16.511";"16.527";"16.576";"16.617";"16.745";"17.114";"17.475";"17.977";"18.075";"18.543";"18.908";"18.508";"18.898";"19.567";"19.600";"19.740";"19.848";"20.100";"20.212";"20.408";"20.546";"20.703";"20.935"
"36045 Redondela";"29.108";"29.090";"29.045";"29.415";"29.732";"29.863";"30.029";"29.987";"30.036";"30.001";"30.067";"30.006";"30.015";"29.918";"29.909";"29.697";"29.563";"29.392";"29.194";"29.218";"29.241";"29.192";"29.055";"28.987";"29.031";"28.928"
"36049 Salceda de Caselas";"6.144";"6.349";"6.543";"6.710";"6.835";"7.176";"7.402";"7.686";"7.938";"8.289";"8.448";"8.665";"8.835";"8.887";"8.890";"8.873";"8.914";"9.017";"9.146";"9.164";"9.173";"9.249";"9.380";"9.405";"9.407";"9.399"
"36053 Soutomaior";"5.369";"5.398";"5.513";"5.603";"5.781";"5.956";"6.110";"6.305";"6.537";"6.867";"7.144";"7.223";"7.265";"7.302";"7.356";"7.317";"7.251";"7.242";"7.305";"7.395";"7.426";"7.482";"7.543";"7.588";"7.582";"7.568"
"36057 Vigo";"285.526";"287.282";"288.324";"292.566";"292.059";"293.725";"293.255";"294.772";"295.703";"297.332";"297.124";"297.241";"297.355";"296.479";"294.997";"294.098";"292.817";"292.986";"293.642";"295.364";"296.692";"293.837";"292.374";"294.910";"295.523";"295.735"
"";"";"";"";"";"";"";"";"";"";"";"";"";"";"";"";"";"";"";"";"";"";"";"";"";"";""
"Fonte: Censos de poboación. Padrón Municipal de Habitantes";"";"";"";"";"";"";"";"";"";"";"";"";"";"";"";"";"";"";"";"";"";"";"";"";"";""
"Notas: Nos anos 1991 e 1981 considérase a poboación dos censos. Do ano 1996 a 2022 considérase a poboación do padrón e a partir do ano 2023 tómase a poboación do censo.";"";"";"";"";"";"";"";"";"";"";"";"";"";"";"";"";"";"";"";"";"";"";"";"";"";""
"(-) Non procede";"";"";"";"";"";"";"";"";"";"";"";"";"";"";"";"";"";"";"";"";"";"";"";"";"";""
"(13-03-2026)";"";"";"";"";"";"";"";"";"";"";"";"";"";"";"";"";"";"";"";"";"";"";"";"";"";""

"IGE - Instituto Galego de Estatística"