SECCIÓN;CÓDIGO DA TIPOLOXÍA DE ENTIDADE;TIPOLOXÍA DA ENTIDADE;NÚMERO DE REXISTRO;NOME;ENDEREZO;CAPITAL OU SEDE DA ENTIDADE;CÓDIGO POSTAL;CÓDIGO INE DA PROVINCIA;PROVINCIA;CÓDIGO INE DO CONCELLO;CONCELLO;DATA DE INSCRICIÓN NO REXISTRO;SUPERFICIE
Entidade local non territorial;CO;Consorcio local;2000/001;CONSORCIO LOCAL OS PEARES;CENTRO SAÚDE DO MUNICIPIO DA PEROXA;NON CONSTA;27000;27;LUGO;;;20/06/2000;0,00;
Entidade local non territorial;CO;Consorcio local;2000/004;CONSORCIO RIO ARNOIA;ESTRADA DE CELANOVA,Nº 3;NON CONSTA;32830;32;OURENSE;;;14/07/2000;0,00;
Entidade local non territorial;CO;Consorcio local;2000/005;S.C.I.  COMARCAS DO DEZA-TABEIROS-TERRA DE MONTES;PARQUE DE BOMBEIROS;PARQUE CONTRA INCENDIOS E DE SALVAMENTO DE SILLEDA;36540;36;PONTEVEDRA;;;14/07/2000;0,00;
Entidade local non territorial;CO;Consorcio local;2000/006;CONSORCIO AS MARIÑAS;LUGAR DE BOS, NAVES O CARBALLAL, Nº 4;GUISAMO-BERGONDO (A CORUÑA);15640;15;A CORUÑA;;;11/10/2000;0,00;
Entidade local non territorial;CO;Consorcio local;2000/007;CONSORCIO RIO BARBANTIÑO;PENA-REÁDEGOS;NON CONSTA;32012;32;OURENSE;;;13/12/2000;0,00;
Entidade local non territorial;CO;Consorcio local;2001/003;CONSORCIO PARA LA PROMOCIÓN DE LA MÚSICA;GLORIETA DE AMÉRICA,3;A CORUÑA;15004;15;A CORUÑA;;;19/02/2001;0,00;
Entidade local non territorial;CO;Consorcio local;2001/004;CONSORCIO DE TURISMO;AVENIDA DE LA MARINA, 18 - CASA PAREDES - 15001 - A CORUÑA;A CORUÑA;15001;15;A CORUÑA;;;04/10/2001;0,00;
Entidade local non territorial;CO;Consorcio local;2002/001;CONSORCIO PROV. DA CORUÑA PARA PRESTACION DO SERVICIO CONTRA INCENDIOS E SALVAME;PARQUE BOMBEIROS DE CARBALLO, POLIGONO INDUSTRIAL DE BERTOA S/N.;CARBALLO;15100;15;A CORUÑA;;;31/10/2002;0,00;
Entidade local non territorial;CO;Consorcio local;2005/001;CONSORCIO PARA O ABASTECEMENTO DE AUGA AOS CONCELLOS DE CERVO E BURELA;PRAZA DO CONCELLO, S/N;CERVO;27891;27;LUGO;;;31/03/2005;0,00;
Entidade local non territorial;CO;Consorcio local;2005/002;CONSORCIO TURISMO RIBEIRA SACRA;CHANTADA;CHANTADA;27001;27;LUGO;;;15/06/2005;0,00;
Entidade local non territorial;CO;Consorcio local;2005/003;CONSORCIO CASCO VELLO DE VIGO;CONCELLO DE VIGO;CONCELLO DE VIGO;36202;36;PONTEVEDRA;;;17/03/2005;0,00;
Entidade local non territorial;CO;Consorcio local;2005/004;CONSORCIO URBANISTICO XESTION SOLO CONCELLO DE COVELO;DEPUTACION PROVINCIAL DE PONTEVEDRA;DEPUTACION PROVINCIAL DE PONTEVEDRA;36000;36;PONTEVEDRA;;;04/08/2005;0,00;
Entidade local non territorial;CO;Consorcio local;2009/001;CONSORCIO PROVINCIAL DE LUGO PARA PREST. DO SERV. CONTRA INCENDIOS E SALVAMENTO;RONDA DA MURALLA, 140 (PROVISIONAL);LUGO;27004;27;LUGO;;;23/03/2009;0,00;
Entidade local non territorial;CO;Consorcio local;2009/002;CONSORCIO DO NOROESTE;MUÑOZ CALERO,3;CARBALLEDA DE AVIA;32412;32;OURENSE;;;04/09/2009;0,00;
Entidade local non territorial;CO;Consorcio local;2010/001;CONSORCIO TURISTICO DE VALDEORRAS;PRAZA DO CONCELLO, 2;O BARCO DE VALDEORRAS;32300;32;OURENSE;;;27/12/2010;0,00;
Entidade local non territorial;CO;Consorcio local;2011/001;CONSORCIO PROVINCIAL DE PONTEVEDRA PARA A PRESTACION DO SERVIZO CONTRA INCENDIOS;PRAZA DE MONTERO RIOS, S/N;PONTEVEDRA;36071;36;PONTEVEDRA;;;03/08/2011;0,00;
Entidade local non territorial;CO;Consorcio local;2012/001;CONSORCIO DE AUGAS DE VALDEORRAS;CASA DO RIO CIGUEÑO, VEIGUIÑA 6;BARCO DE VALDEORRAS;32300;32;OURENSE;;;16/11/2012;0,00;
Entidade local non territorial;CO;Consorcio local;2013/001;CONSORCIO PAR A XESITON DO CICLO URBANO DA AUGA DO LOURO;CAMIÑO DA VEIGA, S/N;TUI;36600;36;PONTEVEDRA;;;04/10/2013;0,00;
Entidade local non territorial;CO;Consorcio local;2014/001;CONSORCIO CONCA DO LEREZ;PRAZA DO CONCELLO, 1;CERDEDO;36130;36;PONTEVEDRA;;;03/03/2014;0,00;
Entidade local non territorial;CO;Consorcio local;2014/002;CONSORCIO PROVINCIAL DE PONTEVEDRA PARA PRESTACION DO SERVIZO CONTRA INCENDIOS E;MONTERO RIOS, S/N PAZO DEPUTACION PROVINCIAL;PONTEVEDRA;36071;36;PONTEVEDRA;;;07/03/2011;0,00;
Entidade local non territorial;CO;Consorcio local;2018/001;CONSORCIO PROVINCIAL OURENSE PRESTACION SERVIZO CONTRAINCENDIOS E SALVAMENTO;RUA PROGRESO, 32;OURENSE;32001;32;OURENSE;;;06/02/2018;0,00;
Entidade local non territorial;ELM;Entidade local menor;2000/001;ENTIDADE LOCAL MENOR BEMBRIVE;PRAZA DO MOSTEIRO, Nº 1 - BEMBRIVE;NON CONSTA;36313;36;PONTEVEDRA;;;25/05/2000;0,00;
Entidade local non territorial;ELM;Entidade local menor;2000/002;ENTIDADE LOCAL MENOR CAMPOSANCOS;PRAZA DE ESPAÑA,1;NON CONSTA;36780;36;PONTEVEDRA;;;26/10/2000;0,00;
Entidade local non territorial;ELM;Entidade local menor;2000/003;ENTIDADE LOCAL MENOR DE MORGADÁNS;BARRIO DA PEDRA,1;MORGADÁNS- GONDOMAR;36389;36;PONTEVEDRA;36021;GONDOMAR;11/03/2000;1350,00;
Entidade local non territorial;ELM;Entidade local menor;2000/004;ENTIDADE LOCAL MENOR ARCOS DA CONDESA;C/ FERREIRA,1;SAN MARTIÑO-CALDAS DE REIS;36650;36;PONTEVEDRA;;;06/11/2000;760,00;
Entidade local non territorial;ELM;Entidade local menor;2000/005;ENTIDADE LOCAL MENOR CHENLO;AS CALES-CHENLO;AS CALES;36400;36;PONTEVEDRA;;;10/11/2000;10,00;
Entidade local non territorial;ELM;Entidade local menor;2000/006;ENTIDADE LOCAL MENOR DE QUEIMADELOS;QUEIMADELOS;QUEIMADELOS;36870;36;PONTEVEDRA;;;10/11/2000;2,12;
Entidade local non territorial;ELM;Entidade local menor;2000/007;ENTIDADE LOCAL MENOR VILASOBROSO;VILASOBROSO;VILASOBROSO-MONDARIZ;36870;36;PONTEVEDRA;;;13/11/2000;5,17;
Entidade local non territorial;ELM;Entidade local menor;2000/008;ENTIDADE LOCAL MENOR DE PAZOS DE REIS;EDIFICIO ADMINISTRATIVO A MACOCA;A MACOCA- PAZOS DE REIS;36715;36;PONTEVEDRA;36055;TUI;19/12/2000;0,00;
Entidade local non territorial;ELM;Entidade local menor;2001/001;ENTIDADE LOCAL MENOR DE BERÁN;C/GABINO BUGALLAL,39;NON CONSTA;32420;32;OURENSE;32040;LEIRO;01/02/2001;0,00;
Entidade local non territorial;MC;Mancomunidade;2000/001;MANCOMUNIDADE MUNICIPIOS DA COMARCA DE ORDES;RUA XENERAL MOLA (EDIF. COMARCAL XUNTA);ORDES;15680;15;A CORUÑA;;;20/06/2000;0,00;
Entidade local non territorial;MC;Mancomunidade;2000/002;MANCOMUNIDADE DE CONCELLOS SANTA AGUEDA;A PENA-READEGOS;VILAMARIN;32100;32;OURENSE;;;20/06/2000;0,00;
Entidade local non territorial;MC;Mancomunidade;2000/003;MANCOMUNIDADE DE CONCELLOS  SERRA DO BARBANZA;CASA DO CONCELLO-CARBALLEIRA DE SANTA MINIA;BRION-ROTATIVA;15865;15;A CORUÑA;;;20/06/2000;0,00;
Entidade local non territorial;MC;Mancomunidade;2000/004;MANCOMUNIDADE INTERMUNICIPAL VOLUNTARIA DO RIBEIRO;FONDAL DE BEADE, S/N;BEADE;32431;32;OURENSE;;;20/06/2000;0,00;
Entidade local non territorial;MC;Mancomunidade;2000/005;MANCOMUNIDAD VOLUNTARIOS DA COMARCA DE OURENSE;C/ JOSÉ ANTONIO, S/N;MACEDA;32700;32;OURENSE;;;20/06/2000;0,00;
Entidade local non territorial;MC;Mancomunidade;2000/006;MANCOMUNIDADE VOLUNTARIA DAS TERRAS DO NAVEA-BIBEI;PASEO DE SAN ROQUE, 4, 1º;POBRA DE TRIVES;32780;32;OURENSE;;;20/06/2000;0,00;
Entidade local non territorial;MC;Mancomunidade;2000/007;MANCOMUNIDADE DO SALNÉS;CENTRO COMARCAL EXPOSALNES (PASEO DA CALZADA S/N);CAMBADOS;36630;36;PONTEVEDRA;;;27/06/2000;0,00;
Entidade local non territorial;MC;Mancomunidade;2000/009;MANCOMUN. INTERMU. VOLUNTARIA DA BAIXA LIMIA;C/ CALVO SOTELO, 2;NON CONSTA;32840;32;OURENSE;;;14/07/2000;0,00;
Entidade local non territorial;MC;Mancomunidade;2000/010;MANCOMUNIDADE VOLUNTARIA DE MUNICIPIOS DE AROUSA;AVDA.DA MARIÑA,122;VILAGARCÍA DE AROUSA;36600;36;PONTEVEDRA;;;24/10/2000;0,00;
Entidade local non territorial;MC;Mancomunidade;2000/011;MANCOMDADE.PARA SERV.VERTED.RES.SÓL.URB.PONTE.S.XE;PRAZA DE ESPAÑA, S/N;PONTEVEDRA;36001;36;PONTEVEDRA;;;27/10/2000;0,00;
Entidade local non territorial;MC;Mancomunidade;2000/012;MANCOMUNIDADE DE MUNICIPIOS ?TERRA DE CELANOVA?;BARRIO DA HERMIDA,39 BAIXO;CELANOVA;32800;32;OURENSE;;;02/11/2000;0,00;
Entidade local non territorial;MC;Mancomunidade;2000/013;MANCOMUNIDADE DE CONCELL.DA ÁREA DE SANTIAGO;PRAZA DO OBRADOIRO;SANTIAGO DE COMPOSTELA;15700;15;A CORUÑA;;;11/03/2000;0,00;
Entidade local non territorial;MC;Mancomunidade;2000/014;MAMCOMUNIDADE DO PARADANTA;C/ ORIENTE, 11;A CAÑIZA;36880;36;PONTEVEDRA;;;11/03/2000;0,00;
Entidade local non territorial;MC;Mancomunidade;2000/015;MANCOMUNIDADE CONCELLOS DO MORRAZO;C/ REAL, S/N;CANGAS(ROTATIVA, CADA DOUS ANOS) 2001 E 2002 MARÍN;36940;36;PONTEVEDRA;;;03/11/2000;0,00;
Entidade local non territorial;MC;Mancomunidade;2000/016;MANCOMUNIDADE DA ÁREA INTERMUNICIPAL DE VIGO;PRAZA DO REI S/N;VIGO;36200;36;PONTEVEDRA;;;06/11/2000;0,00;
Entidade local non territorial;MC;Mancomunidade;2000/017;MANCOMUNIDADE DE MUNICIPIOS DE VERÍN;PRAZA DO CONCELLO,1;VERÍN;32600;32;OURENSE;;;06/11/2000;0,00;
Entidade local non territorial;MC;Mancomunidade;2000/018;MANCOMUNIDADE DE CONCELLOS   DA ÁREA DO DA  CORUÑA;PRAZA DE MARÍA PITA;A CORUÑA;15001;15;A CORUÑA;;;10/11/2000;0,00;
Entidade local non territorial;MC;Mancomunidade;2000/019;MANCOMUNIDADE VAL MIÑOR;C/LORENZO DE LA CARRERA,17;BAIONA;36300;36;PONTEVEDRA;;;13/12/2000;0,00;
Entidade local non territorial;MC;Mancomunidade;2000/020;MANCOMUDADE.INTERMU. DOS VALES DO ULLA E UMIA;A RAPOEIRA, S/N;PORTAS-ROTATIVA;36658;36;PONTEVEDRA;;;18/12/2000;0,00;
Entidade local non territorial;MC;Mancomunidade;2001/001;MANCOMUNIDADE INTERMUNICIPAL BAIXO MIÑO;PRAZA DO RELÓ, 1;ROTATIVA;36780;36;PONTEVEDRA;;;02/01/2001;0,00;
Entidade local non territorial;MC;Mancomunidade;2001/003;MANCOMUNIDADE ALLARIZ-TABOADELA;PRAZA MAIOR, 1;ALLARIZ;32660;32;OURENSE;;;01/02/2001;0,00;
Entidade local non territorial;MC;Mancomunidade;2001/004;MANCOMUNIDADE INTERMUNICIPAL  ?RIBEIRA SACRA?;PRAZA DO CONCELLO, 28;ROTATIVA;32750;32;OURENSE;;;01/02/2001;0,00;
Entidade local non territorial;MC;Mancomunidade;2001/005;MANCOMUDADE DE MUNICIPIOS DA COMARCA DO CARBALLIÑO;CTRA. O CARBALLIÑO-CEA, S/N - SEOANE;O CARBALLILÑO;32510;32;OURENSE;;;02/01/2001;0,00;
Entidade local non territorial;MC;Mancomunidade;2001/006;MANCOM.VOLUNTARIA DE CONCE.DA COMARC.DA LIMIA;CURROS ENRÍQUEZ,15;XINZO DE LIMIA;32630;32;OURENSE;;;01/02/2001;0,00;
Entidade local non territorial;MC;Mancomunidade;2001/008;MANCOMUNIDADE DE AUGAS RÚA-PETÍN;C/ VELÁZQUEZ, 2;A RÚA;32350;32;OURENSE;;;01/02/2001;0,00;
Entidade local non territorial;MC;Mancomunidade;2001/009;MANCOMUNIDADE DE CONCELLOS ?DA TERRA CHA?;PRAZA MAIOR, 1;CASTRO DE REI;27250;27;LUGO;;;02/01/2001;0,00;
Entidade local non territorial;MC;Mancomunidade;2001/012;MANCOMUNIDADE ?COMARCA DE FISTERRA?;DOMINGO ANTONIO DE ANDRADE, S/N.;ROTATIVA;15270;15;A CORUÑA;;;03/01/2001;0,00;
Entidade local non territorial;MC;Mancomunidade;2001/013;MANMUDADE DA AUGA DOS CONCE DE CARNOTA E MURO;SAN GREGORIO, S/N;ROTATIVA;15293;15;A CORUÑA;;;01/03/2001;0,00;
Entidade local non territorial;MC;Mancomunidade;2001/014;MANCOMUNIDADE ?XALLAS-TINES-TAMBRE?;PRAZA DO CONCELLO;SANTA CATALIÑA DE ARMADA (SANTA COMBA);15840;15;A CORUÑA;;;01/03/2001;0,00;
Entidade local non territorial;MC;Mancomunidade;2001/015;MANCOMUNIDADE DE CONCELLOS DA COMARCA DE FERROL;PRAZA DE ARMAS, S/N.;FERROL;15401;15;A CORUÑA;;;01/03/2001;0,00;
Entidade local non territorial;MC;Mancomunidade;2001/016;MANCOMUNIDADE DE CONCELLOS DO TAMBRE;C/ CARME, 3;NEGREIRA;15830;15;A CORUÑA;;;01/03/2001;0,00;
Entidade local non territorial;MC;Mancomunidade;2001/017;MANCOMUNIDADE RIA DE AROUSA ZONA NORTE;EDIF. DO CONCELLO, PRAZA DE GALICIA, S/N;BOIRO;15930;15;A CORUÑA;;;01/03/2001;0,00;
Entidade local non territorial;MC;Mancomunidade;2001/018;MANCOMUNIDADE DE CONCELLOS DA MARIÑA LUCENSE;VILA, 63;BARREIROS;27790;27;LUGO;;;03/01/2001;0,00;
Entidade local non territorial;MC;Mancomunidade;2001/019;MANCOMUNIDADE TURÍSTICA DOS MUNICIPIOS DO CARBALLIÑO, RIBADAVIA, BOBORAS E LEIRO;PRAZA MAIOR, 1;O CARBALLIÑO;32500;32;OURENSE;;;25/05/2001;0,00;
Entidade local non territorial;MC;Mancomunidade;2001/020;MANCOMUNIDADE INTERMUNICIPAL VOLUNT.CONSO-FRIEIRAS;AVDA.BEATO SEBASTIÁN APARICIO, 76;A GUDIÑA;32540;32;OURENSE;;;25/05/2001;0,00;
Entidade local non territorial;MC;Mancomunidade;2001/021;MANCOMUNIDADE DE MUNICIPIOS GALEGOS DO CAMIÑO FRANCES;PRAZA DE ESPAÑA, S/N.;CONCELLO DE SAMOS;27620;27;LUGO;;;10/11/2001;0,00;
Entidade local non territorial;MC;Mancomunidade;2002/001;MANCOMUNIDADE DE MUNICIPIOS DA COMARCA DE COMPOSTELA;PRAZA DO OBRADOIRO, S/N. PAZO DE RAXOI;SANTIAGO DE COMPOSTELA;15705;15;A CORUÑA;;;31/05/2002;0,00;
Entidade local non territorial;MC;Mancomunidade;2003/001;MANCOMUNIDADE DE TERRAS DE DEZA;NO CONCELLO ONDE RESIDA A PRESIDENCIA;NO CONCELLO ONDE RESIDA A PRESIDENCIA;36000;36;PONTEVEDRA;;;03/10/2003;0,00;
Entidade local non territorial;MC;Mancomunidade;2023/001;MANCOMUNIDADE O CARBALLIÑO-MASIDE;PRAZA MAIOR, 1;O CARBALLIÑO;32500;32;OURENSE;;;03/03/2023;0,00;
Entidade local territorial;MU;Municipio;2000/001;CAPELA, A;AS NEVES, 46 A;AS NEVES;15613;15;A CORUÑA;15018;CAPELA, A;14/04/2000;58,97;
Entidade local territorial;MU;Municipio;2000/002;MACEDA;RUA DO TOURAL, 2;MACEDA;32700;32;OURENSE;32043;MACEDA;26/04/2000;102,00;
Entidade local territorial;MU;Municipio;2000/003;POBRA DO CARAMIÑAL, A;GASSET, Nº28;A POBRA DO CARAMIÑAL;15940;15;A CORUÑA;15067;POBRA DO CARAMIÑAL, A;26/04/2000;34,00;
Entidade local territorial;MU;Municipio;2000/004;MUGARDOS;AVDA. DE GALICIA, 45;MUGARDOS;15620;15;A CORUÑA;15051;MUGARDOS;26/04/2000;12,80;
Entidade local territorial;MU;Municipio;2000/005;MAÑÓN;PRAZA DO MESON, 1  - O BARQUEIRO;CAIÓN-MAÑÓN;15337;15;A CORUÑA;15044;MAÑÓN;26/04/2000;82,20;
Entidade local territorial;MU;Municipio;2000/006;PONTES DE GARCÍA RODRÍGUEZ, AS;RUA DO CONCELLO S/N;AS PONTES DE GARCÍA RODRÍGUEZ;15320;15;A CORUÑA;15070;PONTES DE GARCÍA RODRÍGUEZ, AS;26/04/2000;250,55;
Entidade local territorial;MU;Municipio;2000/007;MEIRA;PRAZA DO CONCELLO S/N;MEIRA;27240;27;LUGO;27029;MEIRA;26/04/2000;46,50;
Entidade local territorial;MU;Municipio;2000/008;GUITIRIZ;XERAL FRANCO, 4;VILA DE GUITIRIZ;27300;27;LUGO;27022;GUITIRIZ;26/04/2000;278,00;
Entidade local territorial;MU;Municipio;2000/009;SARREAUS;RUA OURENSE, 40;SARREAUS;32631;32;OURENSE;32078;SARREAUS;26/04/2000;77,09;
Entidade local territorial;MU;Municipio;2000/010;CERDIDO;FELGOSAS, S/N - A BARQUEIRA;VILA DA IGREXA;15569;15;A CORUÑA;15025;CERDIDO;26/04/2000;53,40;
Entidade local territorial;MU;Municipio;2000/011;FRIOL;PRAZA DE ESPAÑA, S/N;FRIOL;27220;27;LUGO;27020;FRIOL;05/03/2000;292,35;
Entidade local territorial;MU;Municipio;2000/012;RAMIRÁS;O PICOUTO;O PICOUTO;32810;32;OURENSE;32068;RAMIRÁS;05/03/2000;40,38;
Entidade local territorial;MU;Municipio;2000/013;GROVE, O;PRAZA DO CORGO, 1;O GROVE;36980;36;PONTEVEDRA;36022;GROVE, O;03/05/2000;22,00;
Entidade local territorial;MU;Municipio;2000/014;DODRO;TALLOS;TALLÓS;15981;15;A CORUÑA;15033;DODRO;05/03/2000;36,00;
Entidade local territorial;MU;Municipio;2000/015;PONTECESO;RUA DO CONCELLO, 18;PONTECESO;15110;15;A CORUÑA;15068;PONTECESO;05/03/2000;87,69;
Entidade local territorial;MU;Municipio;2000/016;XERMADE;PRAZA DO CONCELLO, S/N;XERMADE;27883;27;LUGO;27021;XERMADE;03/05/2000;167,00;
Entidade local territorial;MU;Municipio;2000/017;SOUTOMAIOR;RUA ALEXANDRE BOVEDA, 8;RIAL;36691;36;PONTEVEDRA;36053;SOUTOMAIOR;05/03/2000;25,09;
Entidade local territorial;MU;Municipio;2000/018;CAMPO LAMEIRO;BERNARDO SAGASTA - A LAGOA;A LAGOA;36110;36;PONTEVEDRA;36007;CAMPO LAMEIRO;03/05/2000;63,93;
Entidade local territorial;MU;Municipio;2000/019;CAMARIÑAS;PRAZA DA INSUELA, 57;CAMARIÑAS;15123;15;A CORUÑA;15016;CAMARIÑAS;05/03/2000;51,90;
Entidade local territorial;MU;Municipio;2000/020;COIRÓS;CRUCEIRO, S/N;COIRÓS;15316;15;A CORUÑA;15027;COIRÓS;05/03/2000;32,79;
Entidade local territorial;MU;Municipio;2000/021;VALADOURO, O;FEIRA NOVA, 1  -  FERREIRA;FERREIRA;27770;27;LUGO;27063;VALADOURO, O;05/05/2000;110,50;
Entidade local territorial;MU;Municipio;2000/022;ORTIGUEIRA;PRAZA ISABEL II, S/N;SANTA MARTA DE ORTIGUEIRA;15330;15;A CORUÑA;15061;ORTIGUEIRA;18/05/2000;210,07;
Entidade local territorial;MU;Municipio;2000/023;VILAMARÍN;AVDA. SANTIAGO APOSTOL, 5;VILAMARIN;32101;32;OURENSE;32087;VILAMARÍN;18/05/2000;56,09;
Entidade local territorial;MU;Municipio;2000/024;LARACHA, A;PRAZA DO CONCELLO S/N;LARACHA;15000;15;A CORUÑA;15041;LARACHA, A;18/05/2000;122,69;
Entidade local territorial;MU;Municipio;2000/025;CELANOVA;PRAZA MAIOR,1;CELANOVA;32000;32;OURENSE;32024;CELANOVA;18/05/2000;67,00;
Entidade local territorial;MU;Municipio;2000/026;BARALLA;RÚA EVARISTO CORREA CALDERÓN,58;BARALLA;27000;27;LUGO;27901;BARALLA;18/05/2000;141,00;
Entidade local territorial;MU;Municipio;2000/027;LOUSAME;PORTOBRAVO, 1;PORTOBRAVO;15214;15;A CORUÑA;15042;LOUSAME;18/05/2000;93,00;
Entidade local territorial;MU;Municipio;2000/028;PARAMO, O;TORRE, 1;O PARAMO;27000;27;LUGO;27043;PÁRAMO, O;18/05/2000;74,80;
Entidade local territorial;MU;Municipio;2000/029;POIO;PRAZA DO MOSTEIRO, 1;CONVENTO;36994;36;PONTEVEDRA;36041;POIO;18/05/2000;34,00;
Entidade local territorial;MU;Municipio;2000/030;ALFOZ;A SEARA, S/N;A SEARA;27773;27;LUGO;27002;ALFOZ;18/05/2000;78,00;
Entidade local territorial;MU;Municipio;2000/031;PAZOS DE BORBÉN;C/ PAZOS, 1;PAZOS;36000;36;PONTEVEDRA;36037;PAZOS DE BORBÉN;23/05/2000;50,00;
Entidade local territorial;MU;Municipio;2000/032;CULLEREDO;TARRIO, S/N;TARRÍO-CULLEREDO;15189;15;A CORUÑA;15031;CULLEREDO;23/05/2000;62,34;
Entidade local territorial;MU;Municipio;2000/033;MUÍÑOS;PRAZA SAN ROSENDO, 1;MURGUEIMES;32880;32;OURENSE;32051;MUÍÑOS;23/05/2000;110,00;
Entidade local territorial;MU;Municipio;2000/034;AMOEIRO;CTRA.TAMALLANCOS-BARBANTES;AMOEIRO;32170;32;OURENSE;32002;AMOEIRO;23/05/2000;39,70;
Entidade local territorial;MU;Municipio;2000/035;SOBRADO;PLAZA DO PORTAL, 1;SOBRADO (PORTA);15813;15;A CORUÑA;15080;SOBRADO;23/05/2000;123,00;
Entidade local territorial;MU;Municipio;2000/036;ARES;PRAZA CONSTITUCIÓN, S/N;ARES;15624;15;A CORUÑA;15004;ARES;23/05/2000;18,30;
Entidade local territorial;MU;Municipio;2000/037;LAXE;AVDA. CESAREO PONDAL, 26;LAXE;15117;15;A CORUÑA;15040;LAXE;23/05/2000;36,90;
Entidade local territorial;MU;Municipio;2000/038;SILLEDA;RUA XENERAL FRANCO, 55;SILLEDA;36540;36;PONTEVEDRA;36052;SILLEDA;24/05/2000;167,96;
Entidade local territorial;MU;Municipio;2000/039;RIBEIRA;PRAZA DO CONCELLO, S/N;SANTA UXÍA;15960;15;A CORUÑA;15073;RIBEIRA;24/05/2000;68,83;
Entidade local territorial;MU;Municipio;2000/040;MEAÑO;AS COVAS, Nº 20;AS COVAS;36968;36;PONTEVEDRA;36027;MEAÑO;24/05/2000;28,00;
Entidade local territorial;MU;Municipio;2000/041;LÁNCARA;ROSALIA DE CASTRO S/N;POBRA DE SAN XIAO;27360;27;LUGO;27026;LÁNCARA;24/05/2000;121,00;
Entidade local territorial;MU;Municipio;2000/042;RIOTORTO;RÚA RODRIGAS, S/N.;AS RODRIGAS;27744;27;LUGO;27054;RIOTORTO;24/05/2000;67,00;
Entidade local territorial;MU;Municipio;2000/043;PONTEAREAS;JARDINES JOSE ANTONIO;PONTEAREAS;36860;36;PONTEVEDRA;36042;PONTEAREAS;25/05/2000;125,52;
Entidade local territorial;MU;Municipio;2000/044;SAMOS;PRAZA DE ESPAÑA, S/N;SAMOS;27620;27;LUGO;27055;SAMOS;25/05/2000;136,00;
Entidade local territorial;MU;Municipio;2000/045;MELÓN;CALVO SOTELO, 1;MELÓN;32411;32;OURENSE;32046;MELÓN;25/05/2000;52,50;
Entidade local territorial;MU;Municipio;2000/046;LAZA;RÚA CASTIÑEIRO, 4;LAZA;32620;32;OURENSE;32039;LAZA;25/05/2000;215,91;
Entidade local territorial;MU;Municipio;2000/047;BECERREÁ;PRAZA DO CONCELLO, 2;BECERREÁ;27640;27;LUGO;27006;BECERREÁ;25/05/2000;172,05;
Entidade local territorial;MU;Municipio;2000/048;CALVOS DE RANDÍN;RUA EIRO, 1;CALVOS;32644;32;OURENSE;32016;CALVOS DE RANDÍN;25/05/2000;97,70;
Entidade local territorial;MU;Municipio;2000/049;LOURENZÁ;PRAZA DO CONDE SANTO, S/N;VILANOVA;27760;27;LUGO;27027;LOURENZÁ;25/05/2000;62,63;
Entidade local territorial;MU;Municipio;2000/050;PONTENOVA, A;AVDA. GENERALISIMO, S/N;A PONTENOVA;27720;27;LUGO;27048;PONTENOVA, A;25/05/2000;135,77;
Entidade local territorial;MU;Municipio;2000/051;PARADELA;AVDA. GENERALÍSIMO, S/N;PARADELA (SAN MIGUEL);27611;27;LUGO;27042;PARADELA;25/05/2000;120,19;
Entidade local territorial;MU;Municipio;2000/052;CONCELLO DE PONTEVEDRA;PLAZA DE ESPAÑA S/N;PONTEVEDRA;36001;36;PONTEVEDRA;36038;PONTEVEDRA;25/05/2000;118,28;
Entidade local territorial;MU;Municipio;2000/053;PORTO DO SON;RÚA DA ATALAIA, S/N;PORTO DO SON;15970;15;A CORUÑA;15071;PORTO DO SON;25/05/2000;97,00;
Entidade local territorial;MU;Municipio;2000/054;CARBALLIÑO, O;PRAZA MAIOR, 1;O CARBALLIÑO;32500;32;OURENSE;32019;CARBALLIÑO, O;25/05/2000;54,38;
Entidade local territorial;MU;Municipio;2000/055;NEDA;AVDA. DE ALXECIRAS, 34;NEDA;15510;15;A CORUÑA;15055;NEDA;25/05/2000;23,79;
Entidade local territorial;MU;Municipio;2000/056;VILARMAIOR;ARMADA, Nº 1;ARMADA-VILARMAIOR;15637;15;A CORUÑA;15091;VILARMAIOR;25/05/2000;30,35;
Entidade local territorial;MU;Municipio;2000/057;VILASANTAR;RU,S/N;RU;15807;15;A CORUÑA;15090;VILASANTAR;25/05/2000;59,22;
Entidade local territorial;MU;Municipio;2000/058;BOQUEIXÓN;FORTE;FORTE;15881;15;A CORUÑA;15012;BOQUEIXÓN;26/05/2000;73,18;
Entidade local territorial;MU;Municipio;2000/059;TRASMIRAS;RUA OTERO PEDRAIO, S/N;TRASMIRAS;32695;32;OURENSE;32082;TRASMIRAS;26/05/2000;56,74;
Entidade local territorial;MU;Municipio;2000/060;VIANA DO BOLO;RÚA DA CONSTITUCIÓN, Nº 14;VIANA DO BOLO;32550;32;OURENSE;32086;VIANA DO BOLO;26/05/2000;270,41;
Entidade local territorial;MU;Municipio;2000/061;OUTES;RUA XENERAL FRANCO, 1;SERRA DE OUTES;15230;15;A CORUÑA;15062;OUTES;26/05/2000;99,73;
Entidade local territorial;MU;Municipio;2000/062;VILA DE CRUCES;PZA. D. JUAN CARLOS I;VILA DE CRUCES;36590;36;PONTEVEDRA;36059;VILA DE CRUCES;26/05/2000;154,96;
Entidade local territorial;MU;Municipio;2000/063;VERÍN;PRAZA DO CONCELLO, 1;VERÍN;32600;32;OURENSE;32085;VERÍN;26/05/2000;94,06;
Entidade local territorial;MU;Municipio;2000/064;RUBIÁ;CAMPO, 8;RUBIÁ;32310;32;OURENSE;32073;RUBIÁ;26/05/2000;100,66;
Entidade local territorial;MU;Municipio;2000/065;IRIXOA;PAZO DE IRIXOA, 6;PAZO DE IRIXOA, O;15313;15;A CORUÑA;15039;IRIXOA;26/05/2000;68,30;
Entidade local territorial;MU;Municipio;2000/066;PEDRAFITA DO CEBREIRO;PRAZA DE ESPAÑA, 2;PEDRAFITA DO CEBREIRO;27670;27;LUGO;27045;PEDRAFITA DO CEBREIRO;26/05/2000;104,90;
Entidade local territorial;MU;Municipio;2000/067;A ILLA DE AROUSA;RÚA NAVAL, 14;AROUSA;36626;36;PONTEVEDRA;36901;A ILLA DE AROUSA;06/07/2000;6,90;
Entidade local territorial;MU;Municipio;2000/068;ARNOIA, A;OUTEIRO CRUZ,12;OUTEIRO CRUZ;32234;32;OURENSE;32003;ARNOIA, A;06/07/2000;20,79;
Entidade local territorial;MU;Municipio;2000/069;OROSO;PRAZA DO CONCELLO, 1  SIGÜEIRO;SIGÜEIRO;15884;15;A CORUÑA;15060;OROSO;06/07/2000;72,19;
Entidade local territorial;MU;Municipio;2000/070;SOMOZAS, AS;LUG. IGREXA 1;A IGREXA;15565;15;A CORUÑA;15081;SOMOZAS, AS;16/06/2000;71,40;
Entidade local territorial;MU;Municipio;2000/071;BEADE;RUA CAUDILLO, S/N;BEADE;32431;32;OURENSE;32010;BEADE;19/06/2000;7,00;
Entidade local territorial;MU;Municipio;2000/072;BOIMORTO;VILANOVA, Nº 1;BOIMORTO;15818;15;A CORUÑA;15010;BOIMORTO;19/06/2000;82,59;
Entidade local territorial;MU;Municipio;2000/073;PEROXA, A;PRAZA DO CONCELLO, 83;A PEROXA;32150;32;OURENSE;32059;PEROXA, A;19/06/2000;52,00;
Entidade local territorial;MU;Municipio;2000/074;VIGO;PRAZA DO REI S/N;VIGO;36202;36;PONTEVEDRA;36057;VIGO;19/06/2000;109,40;
Entidade local territorial;MU;Municipio;2000/075;NEVES, AS;PRAZA DA CRISTIANDAD S/N;AS NEVES;36440;36;PONTEVEDRA;36034;NEVES, AS;19/06/2000;65,30;
Entidade local territorial;MU;Municipio;2000/076;VEREA;CTRA.CELANOVA-BANDE;CARBALLO;32813;32;OURENSE;32084;VEREA;19/06/2000;94,19;
Entidade local territorial;MU;Municipio;2000/077;XUNQUEIRA DE ESPADANEDO;PRAZA DOS AMIGOS, S/N;XUNQUEIRA DE ESPADANEDO;32730;32;OURENSE;32037;XUNQUEIRA DE ESPADANEDO;19/06/2000;28,00;
Entidade local territorial;MU;Municipio;2000/078;BAÑOS DE MOLGAS;RÚA SAMUEL GONZÁLEZ Nº 2;BAÑOS DE MOLGAS;32701;32;OURENSE;32007;BAÑOS DE MOLGAS;19/06/2000;68,00;
Entidade local territorial;MU;Municipio;2000/079;RIBADEO;PRAZA DE ESPAÑA, 1;RIBADEO;27700;27;LUGO;27051;RIBADEO;19/06/2000;108,90;
Entidade local territorial;MU;Municipio;2000/080;BERGONDO;CTRA. CORUÑA Nº 12;CARRÍO;15165;15;A CORUÑA;15008;BERGONDO;19/06/2000;32,20;
Entidade local territorial;MU;Municipio;2000/081;VILANOVA DE AROUSA;GONZALEZ BESADA, S/N;VILANOVA DE AROUSA;36620;36;PONTEVEDRA;36061;VILANOVA DE AROUSA;19/06/2000;33,00;
Entidade local territorial;MU;Municipio;2000/082;CASTRELO DE MIÑO;C / ALEJANDRO FERRER,14;BARRAL;32232;32;OURENSE;32022;CASTRELO DE MIÑO;13/12/2000;39,74;
Entidade local territorial;MU;Municipio;2000/083;TEO;RAMALLOSA, S/N;RAMALLOSA;15886;15;A CORUÑA;15082;TEO;19/06/2000;79,80;
Entidade local territorial;MU;Municipio;2000/084;SAN XOÁN DE RÍO;PRAZA DA CONSTITUCION, 1;O CAMPO;32770;32;OURENSE;32070;SAN XOÁN DE RÍO;19/06/2000;61,59;
Entidade local territorial;MU;Municipio;2000/085;FRADES;CIMADEVILLA S/N;CIMADEVILA;15686;15;A CORUÑA;15038;FRADES;19/06/2000;79,19;
Entidade local territorial;MU;Municipio;2000/086;CAMBADOS;PRAZA DO CONCELLO, 1;CAMBADOS;36630;36;PONTEVEDRA;36006;CAMBADOS;19/06/2000;24,20;
Entidade local territorial;MU;Municipio;2000/087;PADERNE;CONSISTORIO 10;CONSISTORIO (PADERNE);15314;15;A CORUÑA;15064;PADERNE;19/06/2000;39,79;
Entidade local territorial;MU;Municipio;2000/088;ENTRIMO;PRAZA DO CONCELLO, 1;A TERRACHÁ;32860;32;OURENSE;32030;ENTRIMO;19/06/2000;84,51;
Entidade local territorial;MU;Municipio;2000/089;NOIA;RUA ALAMEDA, S/N;NOIA;15200;15;A CORUÑA;15057;NOIA;19/06/2000;37,20;
Entidade local territorial;MU;Municipio;2000/090;POBRA DE TRIVES, A;Pº SAN ROQUE, S/N;POBRA DE TRIVES;32780;32;OURENSE;32063;POBRA DE TRIVES, A;19/06/2000;84,19;
Entidade local territorial;MU;Municipio;2000/091;MURAS;PRAZA DO CONCELLO;MURAS;27836;27;LUGO;27033;MURAS;15/09/2000;163,82;
Entidade local territorial;MU;Municipio;2000/092;RIBADAVIA;PRAZA MAIOR, 7;RIBADAVIA;32400;32;OURENSE;32069;RIBADAVIA;18/10/2000;20,00;
Entidade local territorial;MU;Municipio;2000/093;BRIÓN;PEDROUZOS;PEDROUZOS;15865;15;A CORUÑA;15013;BRIÓN;18/10/2000;73,80;
Entidade local territorial;MU;Municipio;2000/094;VEIGA, A;PRAZA DO CONCELLO, 1;A VEIGA;32360;32;OURENSE;32083;VEIGA, A;19/10/2000;291,00;
Entidade local territorial;MU;Municipio;2000/095;BALEIRA;AVDA. DE MEIRA, S/N  CADAVO - BALEIRA;O CÁDAVO;27130;27;LUGO;27004;BALEIRA;19/10/2000;168,82;
Entidade local territorial;MU;Municipio;2000/096;SAVIÑAO, O;PLAZA DE ESPAÑA, 1;ESCAIRÓN;27540;27;LUGO;27058;SAVIÑAO, O;20/10/2000;208,00;
Entidade local territorial;MU;Municipio;2000/097;OUTEIRO DE REI;PRAZA DO CONCELLO,1;OUTEIRO DE REI;27150;27;LUGO;27039;OUTEIRO DE REI;20/10/2000;133,00;
Entidade local territorial;MU;Municipio;2000/098;VILALBA;PZA. DA CONSTITUCION, 1;VILALBA;27800;27;LUGO;27065;VILALBA;20/10/2000;384,00;
Entidade local territorial;MU;Municipio;2000/099;QUINTELA DE LEIRADO;PLAZA SAN PEDRO, S/N;LEIRADO;32814;32;OURENSE;32066;QUINTELA DE LEIRADO;20/10/2000;31,60;
Entidade local territorial;MU;Municipio;2000/100;MIÑO;AVDA. XENERALISIMO 98;MIÑO;15630;15;A CORUÑA;15048;MIÑO;20/10/2000;33,29;
Entidade local territorial;MU;Municipio;2000/101;CAÑIZA, A;R/ ORIENTE, 11;A CAÑIZA;36880;36;PONTEVEDRA;36009;CAÑIZA, A;20/10/2000;108,00;
Entidade local territorial;MU;Municipio;2000/102;SOBER;PRAZA DO CONCELLO, 1;SOBER;27460;27;LUGO;27059;SOBER;20/10/2000;134,00;
Entidade local territorial;MU;Municipio;2000/103;VILAGARCÍA DE AROUSA;PRAZA RAVELLA, 1;VILAGARCÍA;36600;36;PONTEVEDRA;36060;VILAGARCÍA DE AROUSA;20/10/2000;47,09;
Entidade local territorial;MU;Municipio;2000/104;MONDOÑEDO;PRAZA DO CONCELLO, 1;MONDOÑEDO;27740;27;LUGO;27030;MONDOÑEDO;23/10/2000;144,00;
Entidade local territorial;MU;Municipio;2000/105;ROSAL, O;PRAZA DO CALVARIO, 1;O CALVARIO;36770;36;PONTEVEDRA;36048;ROSAL, O;24/10/2000;41,20;
Entidade local territorial;MU;Municipio;2000/106;BURELA;RUA PARDO BAZAN, S/N;BURELA;27880;27;LUGO;27902;BURELA;24/10/2000;7,78;
Entidade local territorial;MU;Municipio;2000/107;NAVIA DE SUARNA;PRAZA DE ESPAÑA, 1;A PROBA;27650;27;LUGO;27034;NAVIA DE SUARNA;24/10/2000;243,00;
Entidade local territorial;MU;Municipio;2000/108;VEDRA;AVDA. MESTRE MANUEL GOMEZ, Nº 1;VEDRA (SANTA BAIA);15885;15;A CORUÑA;15089;VEDRA;25/10/2000;52,50;
Entidade local territorial;MU;Municipio;2000/109;POBRA DO BROLLÓN, A;AVDA. JOSE ANTONIO, 50;A POBRA DO BROLLÓN;27330;27;LUGO;27047;POBRA DO BROLLÓN, A;25/10/2000;175,00;
Entidade local territorial;MU;Municipio;2000/110;CABANAS;RUA DO CONCELLO, S/N;CABANAS;15621;15;A CORUÑA;15015;CABANAS;25/10/2000;30,20;
Entidade local territorial;MU;Municipio;2000/111;BUEU;RUA EDUARDO VICENTI, 10;BUEU;36930;36;PONTEVEDRA;36004;BUEU;25/10/2000;30,00;
Entidade local territorial;MU;Municipio;2000/113;OUROL;C/O MESÓN;OUROL;27865;27;LUGO;27038;OUROL;25/10/2000;145,39;
Entidade local territorial;MU;Municipio;2000/114;CARTELLE;TOXAL, 1, OUTOMURO;OUTOMURO;32824;32;OURENSE;32020;CARTELLE;25/10/2000;94,00;
Entidade local territorial;MU;Municipio;2000/115;RÚA, A;VELAZQUEZ, 2;A RÚA;32350;32;OURENSE;32072;RÚA, A;26/10/2000;35,00;
Entidade local territorial;MU;Municipio;2000/116;CARBALLO;PRAZA DO CONCELLO S/N;CARBALLO;15106;15;A CORUÑA;15019;CARBALLO;26/10/2000;187,19;
Entidade local territorial;MU;Municipio;2000/118;TRAZO;VIAÑO PEQUENO;VIAÑO PEQUENO;15687;15;A CORUÑA;15086;TRAZO;27/10/2000;100,50;
Entidade local territorial;MU;Municipio;2000/119;CALDAS DE REIS;FERRERÍA 1;CALDAS DE REIS;36650;36;PONTEVEDRA;36005;CALDAS DE REIS;30/10/2000;68,19;
Entidade local territorial;MU;Municipio;2000/120;MONTERROSO;PRAZA DE GALICIA, S/N;MONTERROSO;27560;27;LUGO;27032;MONTERROSO;30/10/2000;118,00;
Entidade local territorial;MU;Municipio;2000/121;VALGA;AVDA. DA  CORUÑA,14;PONTE-VALGA;36000;36;PONTEVEDRA;36056;VALGA;30/10/2000;42,00;
Entidade local territorial;MU;Municipio;2000/122;CORISTANCO;SAN ROQUE-TRABA;SAN ROQUE;15147;15;A CORUÑA;15029;CORISTANCO;31/10/2000;140,50;
Entidade local territorial;MU;Municipio;2000/123;OLEIROS;PRAZA DE GALICIA Nº 1;SANTA MARÍA DE OLEIROS;15173;15;A CORUÑA;15058;OLEIROS;31/10/2000;43,70;
Entidade local territorial;MU;Municipio;2000/124;VIMIANZO;PRAZA DO CONCELLO 6;VIMIANZO;15129;15;A CORUÑA;15092;VIMIANZO;31/10/2000;187,39;
Entidade local territorial;MU;Municipio;2000/125;VILAR DE SANTOS;RUA CELANOVA ,77;VILAR DE SANTOS;32650;32;OURENSE;32090;VILAR DE SANTOS;31/10/2000;20,00;
Entidade local territorial;MU;Municipio;2000/126;BAÑA, A;PRAZA DO CONCELLO, S/N;SAN VICENTE;15863;15;A CORUÑA;15007;BAÑA, A;11/02/2000;98,19;
Entidade local territorial;MU;Municipio;2000/127;GONDOMAR;PRAZA DR. LATINO SALGUEIRO, 1;GONDOMAR;36380;36;PONTEVEDRA;36021;GONDOMAR;11/02/2000;74,00;
Entidade local territorial;MU;Municipio;2000/128;BANDE;SAN ROQUE 2;BANDE;32840;32;OURENSE;32006;BANDE;11/02/2000;99,00;
Entidade local territorial;MU;Municipio;2000/130;PEREIRO DE AGUIAR;PRAZA DO CONCELLO;PEREIRO DE AGUIAR;32710;32;OURENSE;32058;PEREIRO DE AGUIAR, O;11/02/2000;61,18;
Entidade local territorial;MU;Municipio;2000/131;RIBADUMIA;AVDA. DE RIBADUMIA, 3;ESCUSA;36636;36;PONTEVEDRA;36046;RIBADUMIA;11/02/2000;19,50;
Entidade local territorial;MU;Municipio;2000/132;SANTIAGO DE COMPOSTELA;PRAZA DO OBRADOIRO, S/N;SANTIAGO DE COMPOSTELA;15705;15;A CORUÑA;15078;SANTIAGO DE COMPOSTELA;02/11/2000;220,55;
Entidade local territorial;MU;Municipio;2000/133;ARANGA;PRAZA MAESTRO MOSQUERA Nº 1;PUENTE-ARANGA;15317;15;A CORUÑA;15003;ARANGA;11/03/2000;121,19;
Entidade local territorial;MU;Municipio;2000/134;PADRÓN;R/ GENERAL FRANCO, 27;PADRÓN;15900;15;A CORUÑA;15065;PADRÓN;11/03/2000;48,40;
Entidade local territorial;MU;Municipio;2000/135;BAIONA;RUA LORENZO DE LA CARRERA, 17 - 19;BAIONA;36300;36;PONTEVEDRA;36003;BAIONA;11/03/2000;34,29;
Entidade local territorial;MU;Municipio;2000/136;TOÉN;RIBADELA, 1;TOÉN;32930;32;OURENSE;32081;TOÉN;11/06/2000;58,79;
Entidade local territorial;MU;Municipio;2000/137;NOGUEIRA DE RAMUÍN;LUINTRA;LLUINTRA;32160;32;OURENSE;32052;NOGUEIRA DE RAMUÍN;11/09/2000;100,00;
Entidade local territorial;MU;Municipio;2000/138;AMES;PRAZA DO CONCELLO, 2;BERTAMIRÁNS;15220;15;A CORUÑA;15002;AMES;11/09/2000;80,91;
Entidade local territorial;MU;Municipio;2000/139;VILABOA;TOURAL, 1;TOURAL-VILABOA;36141;36;PONTEVEDRA;36058;VILABOA;11/09/2000;38,00;
Entidade local territorial;MU;Municipio;2000/140;ARBO;PRAZA CONSISTORIO, 1;ARBO;36430;36;PONTEVEDRA;36001;ARBO;11/09/2000;43,33;
Entidade local territorial;MU;Municipio;2000/141;ARTEIXO;PRAZA ALCALDE RAMON DOPICO, 1;ARTEIXO;15142;15;A CORUÑA;15005;ARTEIXO;11/10/2000;93,50;
Entidade local territorial;MU;Municipio;2000/142;COVELO;PRAZA DO MESTRE CERVIÑO,2;SANTIAGO DE COVELO;36001;36;PONTEVEDRA;36013;COVELO;11/10/2000;124,00;
Entidade local territorial;MU;Municipio;2000/143;IRIXO, O;A PONTE Nº 10;A PONTE - O IRIXO;32530;32;OURENSE;32035;IRIXO, O;11/10/2000;140,00;
Entidade local territorial;MU;Municipio;2000/144;CRECENTE;RUA SOLIS RUIZ, 5;CRECENTE;36420;36;PONTEVEDRA;36014;CRECENTE;11/10/2000;57,00;
Entidade local territorial;MU;Municipio;2000/145;SAN AMARO;CTRA. PRINCIPAL, 20;SAN AMARO;32455;32;OURENSE;32074;SAN AMARO;11/10/2000;29,00;
Entidade local territorial;MU;Municipio;2000/146;CORGO, O;ESTRADA NACIONAL VI, S/N;CORGO;27163;27;LUGO;27014;CORGO, O;13/11/2000;157,33;
Entidade local territorial;MU;Municipio;2000/147;CERVANTES;RÚA DEPUTACIÓN, S/N;SAN ROMÁN;27664;27;LUGO;27012;CERVANTES;13/11/2000;273,00;
Entidade local territorial;MU;Municipio;2000/148;SADA;AVDA GENERALISIMO 25;SADA;15160;15;A CORUÑA;15075;SADA;13/11/2000;27,26;
Entidade local territorial;MU;Municipio;2000/149;CANGAS;AVDA. DANIEL CASTELAO, 2;CANGAS;36940;36;PONTEVEDRA;36008;CANGAS;13/11/2000;38,09;
Entidade local territorial;MU;Municipio;2000/150;DUMBRÍA;ESTRADA DE DUMBRIA, S/N;DUMBRÍA;15151;15;A CORUÑA;15034;DUMBRÍA;13/11/2000;124,69;
Entidade local territorial;MU;Municipio;2000/151;CASTRELO DO VAL;RUA DO TOURAL 15;CASTRELO DO VAL;32625;32;OURENSE;32021;CASTRELO DO VAL;13/11/2000;122,37;
Entidade local territorial;MU;Municipio;2000/152;MEZQUITA, A;AVD DA CONSTITUCIÓN 7;A MEZQUITA;32549;32;OURENSE;32048;MEZQUITA, A;13/11/2000;104,25;
Entidade local territorial;MU;Municipio;2000/153;CONCELLO DE LUGO;PRAZA DE ESPAÑA, 1;LUGO;27001;27;LUGO;27028;LUGO;13/11/2000;332,00;
Entidade local territorial;MU;Municipio;2000/154;ZAS;PZA. DO CAMPO, 1;ZAS;15850;15;A CORUÑA;15093;ZAS;14/11/2000;132,03;
Entidade local territorial;MU;Municipio;2000/155;PONTECESURES;AVDA. DE VIGO, 2;INFESTA;36640;36;PONTEVEDRA;36044;PONTECESURES;14/11/2000;6,69;
Entidade local territorial;MU;Municipio;2000/156;SALVATERRA DE MIÑO;PRAZA DO CASTELO, 1;O CASTELO;36450;36;PONTEVEDRA;36050;SALVATERRA DE MIÑO;14/11/2000;61,70;
Entidade local territorial;MU;Municipio;2000/157;CORCUBION;PRAZA JOSE CARRERA;CORCUBIÓN;15130;15;A CORUÑA;15028;CORCUBIÓN;16/11/2000;7,59;
Entidade local territorial;MU;Municipio;2000/158;ABEGONDO;SAN MARCO, S/N;SAN MARCO (ABEGONDO);15318;15;A CORUÑA;15001;ABEGONDO;20/11/2000;83,80;
Entidade local territorial;MU;Municipio;2000/159;ARZÚA;C/SANTIAGO, 2;ARZÚA;15810;15;A CORUÑA;15006;ARZÚA;20/11/2000;155,47;
Entidade local territorial;MU;Municipio;2000/160;BETANZOS;PZA. CONSTITUCION, 1;BETANZOS;15300;15;A CORUÑA;15009;BETANZOS;20/11/2000;24,19;
Entidade local territorial;MU;Municipio;2000/161;CABANA DE BERGANTIÑOS;A CARBALLA, S/N - CESULLAS;A CARBALLA- CESULLAS;15115;15;A CORUÑA;15014;CABANA DE BERGANTIÑOS;20/11/2000;100,23;
Entidade local territorial;MU;Municipio;2000/162;CAMBRE;RUA ATRIO, 1;CAMBRE;15660;15;A CORUÑA;15017;CAMBRE;20/11/2000;40,74;
Entidade local territorial;MU;Municipio;2000/163;CARIÑO;PORTA DA PULIDA, S/N;CARIÑO;15360;15;A CORUÑA;15901;CARIÑO;20/11/2000;47,18;
Entidade local territorial;MU;Municipio;2000/164;CARNOTA;PRAZA SAN GREGORIO, 19;CARNOTA;15293;15;A CORUÑA;15020;CARNOTA;20/11/2000;70,90;
Entidade local territorial;MU;Municipio;2000/165;CARRAL;RUA DE PALEO, 17;CARRAL;15175;15;A CORUÑA;15021;CARRAL;20/11/2000;48,02;
Entidade local territorial;MU;Municipio;2000/166;CEDEIRA;RUA REAL, 15;CEDEIRA;15350;15;A CORUÑA;15022;CEDEIRA;20/11/2000;46,20;
Entidade local territorial;MU;Municipio;2000/167;CEE;PRAZA DO MERCADO,S/N.;PRAZA DO MERCADO,S/N.;15270;15;A CORUÑA;15023;CEE;20/11/2000;57,45;
Entidade local territorial;MU;Municipio;2000/168;CERCEDA;AVDA. DO MESON, 21;CAMPO DA FEIRA-CERCEDA;15185;15;A CORUÑA;15024;CERCEDA;20/11/2000;111,26;
Entidade local territorial;MU;Municipio;2000/170;CORUÑA, A;PRAZA DE MARIA PITA, 1;A CORUÑA;15001;15;A CORUÑA;15030;CORUÑA, A;20/11/2000;37,63;
Entidade local territorial;MU;Municipio;2000/171;CURTIS;PRAZA DE ESPAÑA, 1;TEIJEIRO;15310;15;A CORUÑA;15032;CURTIS;20/11/2000;116,56;
Entidade local territorial;MU;Municipio;2000/172;FENE;AVDA. DO CONCELLO, S/N;FENE;15500;15;A CORUÑA;15035;FENE;21/11/2000;26,29;
Entidade local territorial;MU;Municipio;2000/173;FERROL;PRAZA DE ARMAS, S/N;FERROL;15402;15;A CORUÑA;15036;FERROL;21/11/2000;82,54;
Entidade local territorial;MU;Municipio;2000/174;FISTERRA;RÚA SANTA CATALINA, 1;FISTERRA;15155;15;A CORUÑA;15037;FISTERRA;21/11/2000;29,43;
Entidade local territorial;MU;Municipio;2000/175;MALPICA DE BERGANTIÑOS;EMILIO GONZALEZ LOPEZ, 1;MALPICA;15113;15;A CORUÑA;15043;MALPICA DE BERGANTIÑOS;21/11/2000;61,22;
Entidade local territorial;MU;Municipio;2000/176;MAZARICOS;A PICOTA;A PICOTA;15256;15;A CORUÑA;15045;MAZARICOS;21/11/2000;187,30;
Entidade local territorial;MU;Municipio;2000/177;MELIDE;PRAZA DO CONVENTO;MELIDE;15800;15;A CORUÑA;15046;MELIDE;21/11/2000;101,30;
Entidade local territorial;MU;Municipio;2000/178;MESÍA;A POBRA;A POBRA;15685;15;A CORUÑA;15047;MESÍA;21/11/2000;107,06;
Entidade local territorial;MU;Municipio;2000/179;BOIRO;CALVO SOTELO, 45;BOIRO;15930;15;A CORUÑA;15011;BOIRO;21/11/2000;86,58;
Entidade local territorial;MU;Municipio;2000/180;MOECHE;CAMPOS DO FOXO, S/N  -SAN XURXO-;SAN RAMON (SAN XOAN DE MOECHE);15563;15;A CORUÑA;15049;MOECHE;21/11/2000;48,50;
Entidade local territorial;MU;Municipio;2000/181;MONFERO;REBORDELO, 1;REBORDELO-SAN FIZ DE MONFERO;15619;15;A CORUÑA;15050;MONFERO;21/11/2000;171,66;
Entidade local territorial;MU;Municipio;2000/182;MUROS;CURRO DA PRAZA, 1;MUROS;15250;15;A CORUÑA;15053;MUROS;22/11/2000;72,91;
Entidade local territorial;MU;Municipio;2000/183;MUXÍA;R/ REAL, 35;MUXÍA;15124;15;A CORUÑA;15052;MUXÍA;22/11/2000;121,19;
Entidade local territorial;MU;Municipio;2000/184;NARON;PRAZA DO CONCELLO;NARON;15570;15;A CORUÑA;15054;NARÓN;22/11/2000;67,01;
Entidade local territorial;MU;Municipio;2000/185;NEGREIRA;RÚA DO CARMEN, 3;NEGREIRA;15830;15;A CORUÑA;15056;NEGREIRA;22/11/2000;115,09;
Entidade local territorial;MU;Municipio;2000/186;ORDES;ALFONSO SENRA 108;ORDES;15680;15;A CORUÑA;15059;ORDES;22/11/2000;157,22;
Entidade local territorial;MU;Municipio;2000/187;PINO, O;O PEDROUZO;PEDROUZO-ARCA;15821;15;A CORUÑA;15066;PINO, O;22/11/2000;132,14;
Entidade local territorial;MU;Municipio;2000/188;PONTEDEUME;PZA REAL, 17;PONTEDEUME;15600;15;A CORUÑA;15069;PONTEDEUME;22/11/2000;29,26;
Entidade local territorial;MU;Municipio;2000/189;RIANXO;PRAZA DE CASTELAO, 1;RIANXO;15920;15;A CORUÑA;15072;RIANXO;22/11/2000;58,79;
Entidade local territorial;MU;Municipio;2000/190;ROIS;RUA SAMIL, 1;OS DICES- ROIS;15911;15;A CORUÑA;15074;ROIS;22/11/2000;92,76;
Entidade local territorial;MU;Municipio;2000/191;SANTA COMBA;PRAZA DO CONCELLO, 1;SANTA CATALIÑA DE ARMADA-SANTA COMBA;15840;15;A CORUÑA;15077;SANTA COMBA;22/11/2000;203,69;
Entidade local territorial;MU;Municipio;2000/192;SAN SADURNIÑO;AVDA. MARQUÉS DE FIGUEROA;SAN SADURNIÑO;15560;15;A CORUÑA;15076;SAN SADURNIÑO;22/11/2000;99,66;
Entidade local territorial;MU;Municipio;2000/193;SANTISO;AGRO DO CHAO-ARCEDIAGO;AGRO DO CHAO-ARCEDIAGO;15808;15;A CORUÑA;15079;SANTISO;22/11/2000;67,38;
Entidade local territorial;MU;Municipio;2000/194;TOQUES;SOUTO - CAPELA;SOUTO-CAPELA;15809;15;A CORUÑA;15083;TOQUES;22/11/2000;77,93;
Entidade local territorial;MU;Municipio;2000/195;TORDOIA;PONTEPEDRA - CABALEIROS, S/N;PONTEPEDRA-CABALEIROS;15683;15;A CORUÑA;15084;TORDOIA;22/11/2000;124,55;
Entidade local territorial;MU;Municipio;2000/196;TOURO;FONTE DÍAZ S/N;FONTE DÍAZ;15822;15;A CORUÑA;15085;TOURO;22/11/2000;115,33;
Entidade local territorial;MU;Municipio;2000/197;VAL DO DUBRA;C/ARCAY, 41;BEMBIBRE;15873;15;A CORUÑA;15088;VAL DO DUBRA;22/11/2000;108,63;
Entidade local territorial;MU;Municipio;2000/198;VALDOVIÑO;PORTA DO SOL, S/N;AVIÑO-VALDOVIÑO;15552;15;A CORUÑA;15087;VALDOVIÑO;22/11/2000;88,22;
Entidade local territorial;MU;Municipio;2000/199;ABADÍN;CONCELLO, S/N.;ABADÍN;27730;27;LUGO;27001;ABADÍN;23/11/2000;196,02;
Entidade local territorial;MU;Municipio;2000/200;ANTAS DE ULLA;PRAZA DE ESPAÑA, 2;ANTAS DE ULLA;27570;27;LUGO;27003;ANTAS DE ULLA;23/11/2000;103,59;
Entidade local territorial;MU;Municipio;2000/201;BARREIROS;RÚA VILA,63;SAN COSME DE BARREIROS;27279;27;LUGO;27005;BARREIROS;23/11/2000;72,41;
Entidade local territorial;MU;Municipio;2000/202;BEGONTE;PRAZA IRMANS SOUTO MONTENEGRO, 1;BEGONTE;27373;27;LUGO;27007;BEGONTE;23/11/2000;126,80;
Entidade local territorial;MU;Municipio;2000/203;BÓVEDA;AV. ALFONSO XIII, 85;BÓVEDA;27340;27;LUGO;27008;BÓVEDA;23/11/2000;91,09;
Entidade local territorial;MU;Municipio;2000/204;CARBALLEDO;AVDA. DOS PEARES;A BARRELA;27520;27;LUGO;27009;CARBALLEDO;27/11/2000;138,85;
Entidade local territorial;MU;Municipio;2000/205;CASTRO DE REI;PRAZA MAIOR, Nº 1;CASTRO DE REI;27250;27;LUGO;27010;CASTRO DE REI;27/11/2000;176,97;
Entidade local territorial;MU;Municipio;2000/206;CASTROVERDE;PRAZA DO CONCELLO, 2;CASTROVERDE;27120;27;LUGO;27011;CASTROVERDE;27/11/2000;174,14;
Entidade local territorial;MU;Municipio;2000/207;CERVO;PRAZA DO CONCELLO, S/N;CERVO;27891;27;LUGO;27013;CERVO;27/11/2000;77,86;
Entidade local territorial;MU;Municipio;2000/208;COSPEITO;AVDA. DA TERRA CHA, 29;FEIRA DO MONTE;27377;27;LUGO;27015;COSPEITO;27/11/2000;144,78;
Entidade local territorial;MU;Municipio;2000/209;CHANTADA;PLAZA DE GALICIA, 1;CHANTADA;27500;27;LUGO;27016;CHANTADA;27/11/2000;0,00;
Entidade local territorial;MU;Municipio;2000/210;FOLGOSO DO COUREL;FONDO DA VILA S/N;FOLGOSO DO COURES;27325;27;LUGO;27017;FOLGOSO DO COUREL;27/11/2000;192,80;
Entidade local territorial;MU;Municipio;2000/211;FONSAGRADA, A;RÚA BURÓN, 12;A FONSAGRADA;27100;27;LUGO;27018;FONSAGRADA, A;27/11/2000;438,45;
Entidade local territorial;MU;Municipio;2000/212;FOZ;AVDA. HERMANOS LÓPEZ REAL,S/N;FOZ;27780;27;LUGO;27019;FOZ;27/11/2000;100,29;
Entidade local territorial;MU;Municipio;2000/213;GUNTÍN;AVDA. DE SANTIAGO;GUNTÍN;27211;27;LUGO;27023;GUNTÍN;27/11/2000;154,77;
Entidade local territorial;MU;Municipio;2000/214;INCIO, O;PRAZA DE ESPAÑA, S/N;CRUZ DO INCIO;27346;27;LUGO;27024;INCIO, O;27/11/2000;146,08;
Entidade local territorial;MU;Municipio;2000/215;MONFORTE DE LEMOS;JOSÉ ANTONIO PRIMO DE RIVERA,6;MONFORTE;27400;27;LUGO;27031;MONFORTE DE LEMOS;27/11/2000;199,52;
Entidade local territorial;MU;Municipio;2000/216;NEGUEIRA DE MUÑIZ;CASA DO CONCELLO;NEGUEIRA;27113;27;LUGO;27035;NEGUEIRA DE MUÑIZ;27/11/2000;72,26;
Entidade local territorial;MU;Municipio;2000/217;NOGAIS, AS;ESTRADA XERAL, S/N;AS NOGAIS;27677;27;LUGO;27037;NOGAIS, AS;28/11/2000;110,33;
Entidade local territorial;MU;Municipio;2000/218;PALAS DE REI;AVDA.COMPOSTELA, 28;PALAS DE REI;27200;27;LUGO;27040;PALAS DE REI;28/11/2000;199,67;
Entidade local territorial;MU;Municipio;2000/219;PANTÓN;PRAZA DO CONCELLO;O CASTRO DE FERREIRA;27430;27;LUGO;27041;PANTÓN;28/11/2000;143,24;
Entidade local territorial;MU;Municipio;2000/220;PASTORIZA, A;PRAZA DE GALICIA, S/N;PASTORIZA;27287;27;LUGO;27044;PASTORIZA, A;28/11/2000;175,02;
Entidade local territorial;MU;Municipio;2000/221;POL;PRAZA DE GALICIA, 1;MOSTEIRO;27270;27;LUGO;27046;POL;28/11/2000;125,90;
Entidade local territorial;MU;Municipio;2000/222;PORTOMARÍN;PLAZA CONDE FENOSA,1;PORTOMARÍN;27170;27;LUGO;27049;PORTOMARÍN;28/11/2000;115,09;
Entidade local territorial;MU;Municipio;2000/223;QUIROGA;R/ XENERAL FRANCO, 52;QUIROGA;27320;27;LUGO;27050;QUIROGA;28/11/2000;33,09;
Entidade local territorial;MU;Municipio;2000/224;RÁBADE;RUA JOSE PARDO MONTENEGRO, S/N;RÁBADE;27370;27;LUGO;27056;RÁBADE;28/11/2000;5,17;
Entidade local territorial;MU;Municipio;2000/225;RIBAS DE SIL;PRAZA MAIOR, 2;SAN CLODIO;27310;27;LUGO;27052;RIBAS DE SIL;28/11/2000;67,77;
Entidade local territorial;MU;Municipio;2000/226;RIBEIRA DE PIQUÍN;SAN XURXO;O CHAO DE POUSADOIRO;27742;27;LUGO;27053;RIBEIRA DE PIQUÍN;28/11/2000;72,98;
Entidade local territorial;MU;Municipio;2000/227;SARRIA;RÚA MAIOR, 14;SARRIA;27600;27;LUGO;27057;SARRIA;28/11/2000;184,61;
Entidade local territorial;MU;Municipio;2000/228;TABOADA;PRAZA DO GENERAL MUINELO,1;TABOADA;27550;27;LUGO;27060;TABOADA;28/11/2000;146,66;
Entidade local territorial;MU;Municipio;2000/229;TRABADA;RÚA DO CONCELLO, 15;TRABADA;27765;27;LUGO;27061;TRABADA;28/11/2000;82,70;
Entidade local territorial;MU;Municipio;2000/230;TRIACASTELA;PRAZA DA DEPUTACIÓN, 1;TRIACASTELA;27630;27;LUGO;27062;TRIACASTELA;28/11/2000;51,18;
Entidade local territorial;MU;Municipio;2000/231;VICEDO, O;RUA DOUTOR PRADO VILLAPOL, 57;O VICEDO;27860;27;LUGO;27064;VICEDO, O;28/11/2000;75,95;
Entidade local territorial;MU;Municipio;2000/232;VIVEIRO;PZA. MAIOR, 1;VIVEIRO;27850;27;LUGO;27066;VIVEIRO;28/11/2000;109,33;
Entidade local territorial;MU;Municipio;2000/233;XOVE;AVDA. DA DEPUTACIÓN,S/N;XOVE;27870;27;LUGO;27025;XOVE;28/11/2000;89,12;
Entidade local territorial;MU;Municipio;2000/234;ALLARIZ;PZA. MAIOR  Nº 1;ALLARIZ;32660;32;OURENSE;32001;ALLARIZ;30/11/2000;85,95;
Entidade local territorial;MU;Municipio;2000/235;AVIÓN;PRAZA DO CONCELLO, 1;SAN XUSTO-AVIÓN;32435;32;OURENSE;32004;AVIÓN;12/12/2000;120,51;
Entidade local territorial;MU;Municipio;2000/236;BALTAR;AVDA. SARXENTO SEOANE, 3;BALTAR;32632;32;OURENSE;32005;BALTAR;12/12/2000;93,98;
Entidade local territorial;MU;Municipio;2000/237;BARBADÁS;C/ CIMADEVILA, S/N.;BARBADÁS;32008;32;OURENSE;32008;BARBADÁS;12/12/2000;30,23;
Entidade local territorial;MU;Municipio;2000/238;BEARIZ;RÚA SAN PEDRO 4;BEARIZ;32430;32;OURENSE;32011;BEARIZ;12/12/2000;55,97;
Entidade local territorial;MU;Municipio;2000/239;BARCO DE VALDEORRAS, O;PRAZA DO CONCELLO,1;O BARCO;32300;32;OURENSE;32009;BARCO DE VALDEORRAS, O;12/12/2000;85,69;
Entidade local territorial;MU;Municipio;2000/240;BLANCOS, OS;CARRETERA DE XINZO DE LIMIA;OS BLANCOS;32634;32;OURENSE;32012;BLANCOS, OS;12/12/2000;47,56;
Entidade local territorial;MU;Municipio;2000/241;BOBORÁS;CRISTÓBAL COLÓN,S/N;BOBORÁS;32514;32;OURENSE;32013;BOBORÁS;12/12/2000;87,81;
Entidade local territorial;MU;Municipio;2000/242;BOLA, A;ESTRADA ALLARIZ-CELANOVA;A BOLA;32812;32;OURENSE;32014;BOLA, A;12/12/2000;34,90;
Entidade local territorial;MU;Municipio;2000/243;BOLO, O;RÚA CÉSAR CONTI, S/N;O BOLO;32373;32;OURENSE;32015;BOLO, O;12/12/2000;91,16;
Entidade local territorial;MU;Municipio;2000/244;CARBALLEDA DE AVIA;MUÑOZ CALERO, 3;CARBALLEDA DE AVIA;32412;32;OURENSE;32018;CARBALLEDA DE AVIA;12/12/2000;47,00;
Entidade local territorial;MU;Municipio;2000/245;CARBALLEDA DE VALDEORRAS;RÚA SOBRADELO, S/N;CARBALLEDA;32330;32;OURENSE;32017;CARBALLEDA DE VALDEORRAS;12/12/2000;222,67;
Entidade local territorial;MU;Municipio;2000/246;CASTRO CALDELAS;CONDE OLEIROS, S/N.;CASTRO CALDELAS;32760;32;OURENSE;32023;CASTRO CALDELAS;14/12/2000;87,61;
Entidade local territorial;MU;Municipio;2000/247;CENLLE;XUBIN-RAZAMONDE;XUBÍN;32454;32;OURENSE;32025;CENLLE;14/12/2000;29,03;
Entidade local territorial;MU;Municipio;2000/248;COLES;VILARCHAO;VILARCHAO;32152;32;OURENSE;32026;COLES;14/12/2000;38,11;
Entidade local territorial;MU;Municipio;2000/249;CORTEGADA;RUA OTERO NOVÁS, 2;CORTEGADA;32200;32;OURENSE;32027;CORTEGADA;14/12/2000;26,87;
Entidade local territorial;MU;Municipio;2000/250;CUALEDRO;AVDA. DE PORTUGAL, S/N;CUALEDRO;32689;32;OURENSE;32028;CUALEDRO;14/12/2000;117,62;
Entidade local territorial;MU;Municipio;2000/251;CHANDREXA DE QUEIXA;C/ CELEIRO, S/N.;RABAL;32786;32;OURENSE;32029;CHANDREXA DE QUEIXA;14/12/2000;171,80;
Entidade local territorial;MU;Municipio;2000/252;ESGOS;PRAZA DE SOUTEIRO, S/N;ESGOS;32720;32;OURENSE;32031;ESGOS;14/12/2000;37,79;
Entidade local territorial;MU;Municipio;2000/253;GOMESENDE;SOBRADO;SOBRADO;32212;32;OURENSE;32033;GOMESENDE;14/12/2000;28,31;
Entidade local territorial;MU;Municipio;2000/254;GUDIÑA, A;C/BEATO SEBASTIÁN APARICIO, S/N.;A GUDIÑA;32540;32;OURENSE;32034;GUDIÑA, A;14/12/2000;171,41;
Entidade local territorial;MU;Municipio;2000/255;LAROUCO;RUA COMERCIO, 10;LAROUCO;32358;32;OURENSE;32038;LAROUCO;14/12/2000;23,69;
Entidade local territorial;MU;Municipio;2000/256;LEIRO;GABINO BUGALLAL, 39;LEIRO;32420;32;OURENSE;32040;LEIRO;14/12/2000;38,29;
Entidade local territorial;MU;Municipio;2000/257;LOBEIRA;CASA DO CONCELLO;A VILA;32850;32;OURENSE;32041;LOBEIRA;14/12/2000;68,87;
Entidade local territorial;MU;Municipio;2000/258;LOBIOS;CTRA. DE PORTUGAL, 27;FONDEVILA;32870;32;OURENSE;32042;LOBIOS;14/12/2000;168,38;
Entidade local territorial;MU;Municipio;2000/259;MANZANEDA;CABARCA, 10;MANZANEDA;32781;32;OURENSE;32044;MANZANEDA;14/12/2000;114,58;
Entidade local territorial;MU;Municipio;2000/260;MASIDE;PRAZA MAIOR, 1;MASIDE;32570;32;OURENSE;32045;MASIDE;14/12/2000;40,04;
Entidade local territorial;MU;Municipio;2000/261;MERCA, A;CARRETERA DE CELANOVA;A MERCA;32830;32;OURENSE;32047;MERCA, A;14/12/2000;50,90;
Entidade local territorial;MU;Municipio;2000/262;MONTEDERRAMO;PRAZA MONTEDERRAMO, 28;MONTEDERRAMO;32750;32;OURENSE;32049;MONTEDERRAMO;15/12/2000;135,57;
Entidade local territorial;MU;Municipio;2000/263;MONTERREI;PRAZA DO SOUTO S/N;MONTERREI;32618;32;OURENSE;32050;MONTERREI;15/12/2000;119,11;
Entidade local territorial;MU;Municipio;2000/264;OÍMBRA;AVENIDA DO CARREGAL N-3;OIMBRA;32613;32;OURENSE;32053;OÍMBRA;15/12/2000;71,86;
Entidade local territorial;MU;Municipio;2000/265;CONCELLO DE OURENSE;PRAZA MAIOR Nº1;OURENSE;32005;32;OURENSE;32054;OURENSE;15/12/2000;84,55;
Entidade local territorial;MU;Municipio;2000/266;PADERNE DE ALLARIZ;RIOSECO, 7;RIOSECO;32110;32;OURENSE;32055;PADERNE DE ALLARIZ;15/12/2000;38,75;
Entidade local territorial;MU;Municipio;2000/267;PADRENDA;CASA DO CONCELLO;SAN ROQUE DE CRESPOS;32226;32;OURENSE;32056;PADRENDA;15/12/2000;57,04;
Entidade local territorial;MU;Municipio;2000/268;PARADA DE SIL;CAMPO DA FEIRA,1;PARADA DE SIL;32740;32;OURENSE;32057;PARADA DE SIL;15/12/2000;62,43;
Entidade local territorial;MU;Municipio;2000/269;PETÍN;POBLADO IBERDUERO, 1;PETÍN;32356;32;OURENSE;32060;PETÍN;15/12/2000;30,47;
Entidade local territorial;MU;Municipio;2000/270;PIÑOR;CASA DO CONCELLO;BARRÁN-PIÑOR;32137;32;OURENSE;32061;PIÑOR;15/12/2000;52,68;
Entidade local territorial;MU;Municipio;2000/271;PONTEDEVA;C/OUTEIRO,S/N;ALDA DE DEVA (PONTEDEVA);32235;32;OURENSE;32064;PONTEDEVA;15/12/2000;9,85;
Entidade local territorial;MU;Municipio;2000/272;PORQUEIRA;ESTRADA XINZO-BANDE;FORXA-PORQUEIRA;32642;32;OURENSE;32062;PORQUEIRA;15/12/2000;43,40;
Entidade local territorial;MU;Municipio;2000/273;PUNXÍN;ESTRADA DE OURENSE-PONTEVEDRA;A FOXA- PUNXÍN;32456;32;OURENSE;32065;PUNXÍN;15/12/2000;17,07;
Entidade local territorial;MU;Municipio;2000/274;RAIRIZ DE VEIGA;PRAZA DO CONCELLO, 1;RAIRIZ DE VEIGA;32652;32;OURENSE;32067;RAIRIZ DE VEIGA;15/12/2000;72,11;
Entidade local territorial;MU;Municipio;2000/275;RIÓS;PLAZA DE JOSÉ ANTONIO;RIÓS;32611;32;OURENSE;32071;RIÓS;15/12/2000;144,44;
Entidade local territorial;MU;Municipio;2000/276;SAN CIBRAO DAS VIÑAS;PZA. CONSTITUCION Nº 1;SAN CIBRAO DAS VIÑAS;32911;32;OURENSE;32075;SAN CIBRAO DAS VIÑAS;15/12/2000;39,47;
Entidade local territorial;MU;Municipio;2000/277;SAN CRISTOVO DE CEA;PRAZA MAIOR, 1;CEA;32130;32;OURENSE;32076;SAN CRISTOVO DE CEA;15/12/2000;94,44;
Entidade local territorial;MU;Municipio;2000/278;SANDIÁS;CAMPO SAN NICOLAS;SANDIÁS;32692;32;OURENSE;32077;SANDIÁS;15/12/2000;52,84;
Entidade local territorial;MU;Municipio;2000/279;TABOADELA;PRAZA DO CONCELLO, 1;TABOADELA;32690;32;OURENSE;32079;TABOADELA;15/12/2000;25,19;
Entidade local territorial;MU;Municipio;2000/280;TEIXEIRA, A;ESTRADA IBEDO-VALILONGO;A TEIXEIRA;32765;32;OURENSE;32080;TEIXEIRA, A;15/12/2000;27,63;
Entidade local territorial;MU;Municipio;2000/281;VILAMARTÍN DE VALDEORRAS;MANUEL SANCHEZ DOMINGUEZ, 8;VILAMARTÍN;32340;32;OURENSE;32088;VILAMARTÍN DE VALDEORRAS;15/12/2000;88,26;
Entidade local territorial;MU;Municipio;2000/282;VILAR DE BARRIO;PRAZA DO TOURAL, 10;VILAR DE BARRIO;32702;32;OURENSE;32089;VILAR DE BARRIO;15/12/2000;106,73;
Entidade local territorial;MU;Municipio;2000/283;VILARDEVÓS;PASEO DE MANUEL NÚÑEZ, S/N.;VILARDEVÓS;32616;32;OURENSE;32091;VILARDEVÓS;15/12/2000;152,13;
Entidade local territorial;MU;Municipio;2000/284;VILARIÑO DE CONSO;PRAZA DO CONCELLO;VILARIÑO DE CONSO;32557;32;OURENSE;32092;VILARIÑO DE CONSO;15/12/2000;2,00;
Entidade local territorial;MU;Municipio;2000/285;XINZO DE LIMIA;CURROS ENRIQUEZ, 15;XINZO DE LIMIA;32630;32;OURENSE;32032;XINZO DE LIMIA;15/12/2000;132,66;
Entidade local territorial;MU;Municipio;2000/286;XUNQUEIRA DE AMBÍA;PRAZA SAN ROSENDO, Nº 1;XUNQUEIRA DE AMBÍA;32670;32;OURENSE;32036;XUNQUEIRA DE AMBÍA;15/12/2000;60,20;
Entidade local territorial;MU;Municipio;2000/287;AGOLADA;PRAZA DO CONCELLO;AGOLADA;36520;36;PONTEVEDRA;36020;AGOLADA;18/12/2000;147,85;
Entidade local territorial;MU;Municipio;2000/288;BARRO;CASA DO CONCELLO;SANTO ANTONIÑO Nª 11;36191;36;PONTEVEDRA;36002;BARRO;18/12/2000;37,63;
Entidade local territorial;MU;Municipio;2000/289;CATOIRA;RUA DO CONCELLO, 6;CATOIRA;36612;36;PONTEVEDRA;36010;CATOIRA;18/12/2000;29,44;
Entidade local territorial;MU;Municipio;2000/290;CUNTIS;PRAZA DA CONSTITUCION, 4;CUNTIS;36670;36;PONTEVEDRA;36015;CUNTIS;18/12/2000;79,83;
Entidade local territorial;MU;Municipio;2000/291;DOZON;AVDA. MÉDICO F-MARTÍNEZ IGLESIAS, S/N;O CASTRO;36518;36;PONTEVEDRA;36016;DOZÓN;18/12/2000;74,23;
Entidade local territorial;MU;Municipio;2000/292;ESTRADA, A;PRAZA DA CONSTITUCIÓN;A ESTRADA;36680;36;PONTEVEDRA;36017;ESTRADA, A;18/12/2000;280,76;
Entidade local territorial;MU;Municipio;2000/293;FORCAREI;PRAZA DA IGREXA, 1;FORCAREI;36550;36;PONTEVEDRA;36018;FORCAREI;18/12/2000;168,38;
Entidade local territorial;MU;Municipio;2000/294;FORNELOS DE MONTES;PRAZA DA IGREXA, S/N.;A IGREXA;36847;36;PONTEVEDRA;36019;FORNELOS DE MONTES;18/12/2000;83,09;
Entidade local territorial;MU;Municipio;2000/295;GUARDA, A;C/ 2ª TRAVESÍA LOS BECHOS;A GUARDA;36780;36;PONTEVEDRA;36023;GUARDA, A;18/12/2000;20,50;
Entidade local territorial;MU;Municipio;2000/296;LALIN;PRAZA DO CONCELLO, S/N;LALÍN;36500;36;PONTEVEDRA;36024;LALÍN;18/12/2000;326,82;
Entidade local territorial;MU;Municipio;2000/297;LAMA, A;AVDA. JOSÉ ANTONIO, 1;A PEDREIRA;36830;36;PONTEVEDRA;36025;LAMA, A;18/12/2000;111,76;
Entidade local territorial;MU;Municipio;2000/298;MARÍN;AVDA. DE OURENSE, 1;MARÍN;36900;36;PONTEVEDRA;36026;MARÍN;18/12/2000;36,68;
Entidade local territorial;MU;Municipio;2000/299;MEIS;C/ GENERALÍSIMO, 7;MOSTEIRO;36637;36;PONTEVEDRA;36028;MEIS;18/12/2000;52,38;
Entidade local territorial;MU;Municipio;2000/300;MOAÑA;RAMÓN CABANILLAS,108;MOAÑA;36950;36;PONTEVEDRA;36029;MOAÑA;18/12/2000;35,06;
Entidade local territorial;MU;Municipio;2000/301;MONDARIZ;RÚA MEROUCES, 16;MONDARIZ;36870;36;PONTEVEDRA;36030;MONDARIZ;18/12/2000;85,12;
Entidade local territorial;MU;Municipio;2000/302;MONDARIZ-BALNEARIO;RUA CONSTITUCION, 1;MONDARIZ- BALNEARIO;36890;36;PONTEVEDRA;36031;MONDARIZ-BALNEARIO;18/12/2000;2,30;
Entidade local territorial;MU;Municipio;2000/303;MORAÑA;C/ SANTA LUCÍA,S/N;SANTA LUCÍA DE MORAÑA;36660;36;PONTEVEDRA;36032;MORAÑA;18/12/2000;41,34;
Entidade local territorial;MU;Municipio;2000/304;MOS;CASA DO CONCELLO;REGUENGO-PETELOS;36415;36;PONTEVEDRA;36033;MOS;18/12/2000;53,20;
Entidade local territorial;MU;Municipio;2000/305;NIGRÁN;PLAZA DA CONSTITUCIÓN 1;NIGRÁN;36350;36;PONTEVEDRA;36035;NIGRÁN;18/12/2000;34,77;
Entidade local territorial;MU;Municipio;2000/306;OIA;C/ VISTA ALEGRE,S/N.;O ARRABAL;36390;36;PONTEVEDRA;36036;OIA;18/12/2000;83,30;
Entidade local territorial;MU;Municipio;2000/307;PONTE CALDELAS;AVDA. DE GALICIA, S/N.;PONTE-CALDELAS;36820;36;PONTEVEDRA;36043;PONTE CALDELAS;18/12/2000;87,00;
Entidade local territorial;MU;Municipio;2000/308;PORRIÑO, O;C/ ANTONIO PALACIOS, 1;O PORRIÑO;36400;36;PONTEVEDRA;36039;PORRIÑO, O;18/12/2000;61,25;
Entidade local territorial;MU;Municipio;2000/309;PORTAS;RAPEIRA, 1;CURRÁS-PORTAS;36658;36;PONTEVEDRA;36040;PORTAS;18/12/2000;22,62;
Entidade local territorial;MU;Municipio;2000/310;REDONDELA;ALFONSO XII, Nº 2;REDONDELA;36800;36;PONTEVEDRA;36045;REDONDELA;18/12/2000;52,08;
Entidade local territorial;MU;Municipio;2000/311;RODEIRO;PRAZA DA FONTE, 2;RODEIRO;36530;36;PONTEVEDRA;36047;RODEIRO;18/12/2000;154,89;
Entidade local territorial;MU;Municipio;2000/312;SALCEDA DE CASELAS;C/ DOCTOR ZUNZUNEGUI, 7;A ESFARRAPADA;36473;36;PONTEVEDRA;36049;SALCEDA DE CASELAS;18/12/2000;35,91;
Entidade local territorial;MU;Municipio;2000/313;SANXENXO;C/ CONSISTORIO,1;SANXENXO;36960;36;PONTEVEDRA;36051;SANXENXO;18/12/2000;45,08;
Entidade local territorial;MU;Municipio;2000/314;TOMIÑO;PRAZA DE CALVO SOTELO, 1;O SEIXO- TOMIÑO;36740;36;PONTEVEDRA;36054;TOMIÑO;18/12/2000;106,61;
Entidade local territorial;MU;Municipio;2000/315;TUI;PRAZA DO CONCELLO, 1;TUI;36700;36;PONTEVEDRA;36055;TUI;18/12/2000;68,31;
Entidade local territorial;MU;Municipio;2013/001;OZA-CESURAS;LOIS, 33;OZA;15380;15;A CORUÑA;15902;OZA-CESURAS;04/10/2013;0,00;
Entidade local territorial;MU;Municipio;2016/001;CERDEDO-COTOBADE;CHAN, 11;CHAN, A;36120;36;PONTEVEDRA;36902;CERDEDO-COTOBADE;01/11/2016;214,52;
Entidade local territorial;PR;Provincia;2000/001;PONTEVEDRA;AVDA MONTERO RIOS, S/N;PONTEVEDRA;36071;36;PONTEVEDRA;;;03/05/2000;4498,00;
Entidade local territorial;PR;Provincia;2002/001;A CORUÑA;AVDA. ALFEREZ PROVISIONAL S/N. 15006 - A CORUÑA;A CORUÑA;15006;15;A CORUÑA;;;01/07/2002;0,00;
Entidade local territorial;PR;Provincia;2002/002;LUGO;SAN MARCOS, Nº 8;LUGO;27001;27;LUGO;;;01/07/2002;0,00;
Entidade local territorial;PR;Provincia;2002/003;OURENSE;RUA DO PROGRESO, 32;OURENSE;32003;32;OURENSE;;;03/07/2002;0,00;
