"Superficie";""
"";""
"Unidade: Quilómetros cadrados";""
"Variables en filas: Espazo";""
"Variables en columnas: Tempo";""
"Variables de corte: Superficie=Total";""
"";"2019"
"15006 Arzúa";"155,48"
"15010 Boimorto";"82,34"
"15066 Pino, O";"132,15"
"15085 Touro";"115,34"
"15011 Boiro";"86,58"
"15067 Pobra do Caramiñal, A";"32,51"
"15072 Rianxo";"58,79"
"15073 Ribeira";"68,83"
"15007 Baña, A";"98,19"
"15056 Negreira";"115,10"
"15014 Cabana de Bergantiños";"100,23"
"15019 Carballo";"186,09"
"15029 Coristanco";"141,28"
"15041 Laracha, A";"125,95"
"15040 Laxe";"36,78"
"15043 Malpica de Bergantiños";"61,22"
"15068 Ponteceso";"91,97"
"15003 Aranga";"119,59"
"15009 Betanzos";"24,21"
"15026 Cesuras";"-"
"15027 Coirós";"33,60"
"15032 Curtis";"116,70"
"15039 Irixoa";"68,59"
"15048 Miño";"32,97"
"15063 Oza dos Ríos";"-"
"15902 Oza Cesuras";"151,62"
"15064 Paderne";"39,83"
"15091 Vilarmaior";"30,35"
"15090 Vilasantar";"59,17"
"15001 Abegondo";"83,90"
"15005 Arteixo";"93,68"
"15008 Bergondo";"32,72"
"15017 Cambre";"40,74"
"15021 Carral";"48,03"
"15030 Coruña, A";"37,83"
"15031 Culleredo";"61,73"
"15058 Oleiros";"43,66"
"15075 Sada";"27,49"
"15015 Cabanas";"30,30"
"15018 Capela, A";"58,00"
"15050 Monfero";"171,67"
"15069 Pontedeume";"29,26"
"15070 Pontes de García Rodríguez, As";"249,37"
"15004 Ares";"18,31"
"15022 Cedeira";"85,42"
"15035 Fene";"26,31"
"15036 Ferrol";"82,65"
"15049 Moeche";"48,50"
"15051 Mugardos";"12,77"
"15054 Narón";"66,91"
"15055 Neda";"24,46"
"15076 San Sadurniño";"98,98"
"15081 Somozas, As";"70,91"
"15087 Valdoviño";"88,22"
"15023 Cee";"57,45"
"15028 Corcubión";"6,52"
"15034 Dumbría";"125,19"
"15037 Fisterra";"29,43"
"15052 Muxía";"121,19"
"15020 Carnota";"70,90"
"15053 Muros";"72,91"
"15042 Lousame";"93,65"
"15057 Noia";"37,21"
"15062 Outes";"99,74"
"15071 Porto do Son, O";"94,58"
"15024 Cerceda";"111,27"
"15038 Frades";"81,56"
"15047 Mesía";"107,21"
"15059 Ordes";"157,23"
"15060 Oroso";"72,59"
"15084 Tordoia";"124,55"
"15086 Trazo";"101,30"
"15901 Cariño";"47,19"
"15025 Cerdido";"52,72"
"15044 Mañón";"82,21"
"15061 Ortigueira";"209,60"
"15002 Ames";"80,10"
"15012 Boqueixón";"73,18"
"15013 Brión";"74,73"
"15078 Santiago de Compostela";"220,01"
"15082 Teo";"79,25"
"15088 Val do Dubra";"108,64"
"15089 Vedra";"52,78"
"15033 Dodro";"36,12"
"15065 Padrón";"48,37"
"15074 Rois";"92,93"
"15046 Melide";"101,30"
"15079 Santiso";"67,39"
"15080 Sobrado";"120,57"
"15083 Toques";"77,93"
"15016 Camariñas";"51,60"
"15092 Vimianzo";"187,27"
"15093 Zas";"133,29"
"15045 Mazaricos";"187,30"
"15077 Santa Comba";"203,70"
"27901 Baralla";"141,16"
"27006 Becerreá";"172,05"
"27012 Cervantes";"277,63"
"27034 Navia de Suarna";"243,85"
"27037 Nogais, As";"110,34"
"27045 Pedrafita do Cebreiro";"104,91"
"27009 Carballedo";"138,85"
"27016 Chantada";"176,73"
"27060 Taboada";"146,67"
"27004 Baleira";"168,82"
"27018 Fonsagrada, A";"438,42"
"27035 Negueira de Muñiz";"72,27"
"27011 Castroverde";"174,15"
"27014 Corgo, O";"157,39"
"27020 Friol";"292,29"
"27023 Guntín";"154,78"
"27028 Lugo";"329,78"
"27039 Outeiro de Rei";"134,20"
"27049 Portomarín";"115,10"
"27056 Rábade";"5,17"
"27002 Alfoz do Castrodouro";"77,50"
"27902 Burela";"7,78"
"27019 Foz";"100,29"
"27027 Lourenzá";"62,64"
"27030 Mondoñedo";"142,69"
"27063 Valadouro, O";"110,45"
"27013 Cervo";"77,86"
"27038 Ourol";"142,07"
"27064 Vicedo, O";"75,96"
"27066 Viveiro";"109,34"
"27025 Xove";"89,12"
"27005 Barreiros";"72,42"
"27048 Pontenova, A";"135,80"
"27051 Ribadeo";"109,14"
"27061 Trabada";"82,59"
"27029 Meira";"46,55"
"27046 Pol";"125,90"
"27053 Ribeira de Piquín, A";"72,99"
"27054 Riotorto";"66,33"
"27017 Folgoso do Courel";"193,32"
"27050 Quiroga";"317,38"
"27052 Ribas de Sil";"67,78"
"27024 Incio, O";"146,09"
"27026 Láncara";"121,61"
"27042 Paradela";"121,12"
"27043 Páramo, O";"74,80"
"27055 Samos";"136,77"
"27057 Sarria";"184,62"
"27062 Triacastela";"51,18"
"27001 Abadín";"196,04"
"27007 Begonte";"126,80"
"27010 Castro de Rei";"176,97"
"27015 Cospeito";"144,79"
"27022 Guitiriz";"293,97"
"27033 Muras";"163,82"
"27044 Pastoriza";"174,99"
"27065 Vilalba";"379,36"
"27021 Xermade";"166,27"
"27008 Bóveda";"91,11"
"27031 Monforte de Lemos";"199,52"
"27041 Pantón";"143,24"
"27047 Pobra do Brollón, A";"176,71"
"27058 Saviñao, O";"196,55"
"27059 Sober";"133,35"
"27003 Antas de Ulla";"103,60"
"27032 Monterroso";"114,59"
"27040 Palas de Rei";"199,68"
"32001 Allariz";"86,0"
"32007 Baños de Molgas";"67,64"
"32043 Maceda";"101,93"
"32055 Paderne de Allariz";"38,76"
"32036 Xunqueira de Ambía";"60,21"
"32037 Xunqueira de Espadanedo";"27,65"
"32006 Bande";"98,96"
"32030 Entrimo";"84,52"
"32041 Lobeira";"68,88"
"32042 Lobios";"168,38"
"32051 Muíños";"109,56"
"32011 Beariz";"55,97"
"32013 Boborás";"87,82"
"32019 Carballiño, O";"54,33"
"32035 Irixo, O";"121,05"
"32045 Maside";"40,04"
"32061 Piñor";"52,69"
"32065 Punxín";"17,08"
"32074 San Amaro";"29,03"
"32076 San Cristovo de Cea";"94,44"
"32005 Baltar";"94,71"
"32012 Blancos, Os";"47,56"
"32016 Calvos de Randín";"97,87"
"32062 Porqueira";"43,40"
"32067 Rairiz de Veiga";"72,11"
"32077 Sandiás";"52,84"
"32078 Sarreaus";"77,29"
"32082 Trasmiras";"56,74"
"32089 Vilar de Barrio";"106,74"
"32090 Vilar de Santos";"20,70"
"32032 Xinzo de Limia";"132,67"
"32002 Amoeiro";"39,68"
"32008 Barbadás";"30,24"
"32026 Coles";"38,11"
"32031 Esgos";"37,79"
"32052 Nogueira de Ramuín";"98,31"
"32054 Ourense";"84,55"
"32058 Pereiro de Aguiar, O";"60,89"
"32059 Peroxa, A";"54,52"
"32075 San Cibrao das Viñas";"39,48"
"32079 Taboadela";"25,19"
"32081 Toén";"58,29"
"32087 Vilamarín";"56,09"
"32003 Arnoia, A";"20,69"
"32004 Avión";"121,13"
"32010 Beade";"6,40"
"32018 Carballeda de Avia";"46,37"
"32022 Castrelo de Miño";"39,74"
"32025 Cenlle";"29,03"
"32027 Cortegada";"26,89"
"32040 Leiro";"38,25"
"32046 Melón";"53,25"
"32069 Ribadavia";"25,16"
"32023 Castro de Caldelas, O";"87,61"
"32049 Montederramo";"135,57"
"32057 Parada de Sil";"62,43"
"32080 Teixeira, A";"27,64"
"32014 Bola, A";"34,90"
"32020 Cartelle";"94,29"
"32024 Celanova";"67,31"
"32033 Gomesende";"28,31"
"32047 Merca, A";"50,99"
"32056 Padrenda";"57,04"
"32064 Pontedeva";"9,86"
"32066 Quintela de Leirado";"31,26"
"32068 Ramirás";"40,66"
"32084 Verea";"94,23"
"32029 Chandrexa de Queixa";"171,81"
"32044 Manzaneda";"114,57"
"32063 Pobra de Trives, A";"84,20"
"32070 San Xoán de Río";"61,14"
"32009 Barco de Valdeorras, O";"85,43"
"32015 Bolo, O";"91,17"
"32017 Carballeda de Valdeorras";"222,69"
"32038 Larouco";"23,69"
"32060 Petín";"30,48"
"32072 Rúa, A";"35,91"
"32073 Rubiá";"100,79"
"32083 Veiga, A";"290,49"
"32088 Vilamartín de Valdeorras";"88,26"
"32021 Castrelo do Val";"122,05"
"32028 Cualedro";"117,77"
"32039 Laza";"215,91"
"32050 Monterrei";"119,14"
"32053 Oímbra";"71,48"
"32071 Riós, O";"114,27"
"32085 Verín";"94,11"
"32091 Vilardevós";"152,55"
"32034 Gudiña, A";"171,42"
"32048 Mezquita, A";"104,27"
"32086 Viana do Bolo";"270,41"
"32092 Vilariño de Conso";"200,23"
"36023 Guarda, A";"20,50"
"36036 Oia";"83,30"
"36048 Rosal, O";"44,13"
"36054 Tomiño";"106,61"
"36055 Tui";"68,32"
"36005 Caldas de Reis";"68,25"
"36010 Catoira";"29,44"
"36015 Cuntis";"79,88"
"36032 Moraña";"41,24"
"36044 Pontecesures";"6,69"
"36040 Portas";"22,71"
"36056 Valga";"40,64"
"36030 Mondariz";"82,33"
"36031 Mondariz Balneario";"2,31"
"36034 Neves, As";"65,84"
"36042 Ponteareas";"125,53"
"36050 Salvaterra de Miño";"62,54"
"36020 Agolada";"147,85"
"36016 Dozón";"74,10"
"36024 Lalín";"326,96"
"36047 Rodeiro";"154,91"
"36052 Silleda";"167,96"
"36059 Vila de Cruces";"154,96"
"36004 Bueu";"30,84"
"36008 Cangas de Morrazo";"38,08"
"36026 Marín";"36,66"
"36029 Moaña";"35,06"
"36001 Arbo";"42,66"
"36009 Caniza, A";"105,04"
"36013 Covelo";"134,70"
"36014 Crecente";"57,46"
"36002 Barro";"37,55"
"36007 Campo Lameiro, O";"63,77"
"36902 Cerdedo Cotobade";"213,27"
"36012 Cotobade";"-"
"36025 Lama, A";"111,76"
"36041 Poio";"33,93"
"36043 Ponte Caldelas";"87,00"
"36038 Pontevedra";"118,47"
"36058 Vilaboa";"36,90"
"36006 Cambados";"23,44"
"36022 Grove, O";"21,89"
"36901 Illa de Arousa, A";"6,91"
"36027 Meaño";"27,77"
"36028 Meis";"52,39"
"36046 Ribadumia";"19,71"
"36051 Sanxenxo";"45,08"
"36060 Vilagarcía de Arousa";"44,24"
"36061 Vilanova de Arousa";"33,65"
"36011 Cerdedo";"-"
"36017 Estrada, A";"280,74"
"36018 Forcarei";"169,66"
"36003 Baiona";"34,47"
"36019 Fornelos de Montes";"79,01"
"36021 Gondomar";"74,51"
"36033 Mos";"53,29"
"36035 Nigrán";"34,77"
"36037 Pazos de Borbén";"49,99"
"36039 Porriño, O";"61,17"
"36045 Redondela";"52,08"
"36049 Salceda de Caselas";"35,92"
"36053 Soutomaior";"24,99"
"36057 Vigo";"109,06"
"";""
"Fonte: IGN. Información subministrada directamente";""
"(-) Non procede";""
"(27-01-2020)";""

"IGE - Instituto Galego de Estatística"